"","Time","Scenario","Fratio"
"1","Short-term",1,0.300233944
"979","Short-term",1,0.190610632
"1957","Short-term",1,0.180551109
"2935","Short-term",1,0.698579557
"3913","Short-term",1,0.190105885
"4891","Short-term",1,0.282939363
"5869","Short-term",1,0.101040144
"6847","Short-term",1,0.259022974
"7825","Short-term",1,0.274744614
"8803","Short-term",1,0.263475398
"9781","Short-term",1,0.427453106
"10759","Short-term",1,0.194003641
"11737","Short-term",1,0.442011431
"12715","Short-term",1,0.586005251
"13693","Short-term",1,0.235118816
"14671","Short-term",1,0.184350921
"15649","Short-term",1,0.415737521
"16627","Short-term",1,0.092822018
"17605","Short-term",1,0.13916057
"18583","Short-term",1,0.340704236
"19561","Short-term",1,0.297414678
"20539","Short-term",1,0.394007274
"21517","Short-term",1,0.246065544
"22495","Short-term",1,0.273992213
"23473","Short-term",1,0.092259718
"24451","Short-term",1,0.192464856
"25429","Short-term",1,0.50233722
"26407","Short-term",1,0.360680857
"27385","Short-term",1,0.483284892
"28363","Short-term",1,0.248953954
"29341","Short-term",1,0.462348531
"30319","Short-term",1,0.11983399
"31297","Short-term",1,0.104767926
"32275","Short-term",1,0.195448734
"33253","Short-term",1,0.288071675
"34231","Short-term",1,0.211991563
"35209","Short-term",1,0.116067573
"36187","Short-term",1,0.210495037
"37165","Short-term",1,0.170251483
"38143","Short-term",1,0.172890481
"39121","Short-term",1,0.160139136
"40099","Short-term",1,0.506125689
"41077","Short-term",1,0.233657218
"42055","Short-term",1,0.165625231
"43033","Short-term",1,0.178311522
"44011","Short-term",1,0.283995844
"44989","Short-term",1,0.309123879
"45967","Short-term",1,0.346058374
"46945","Short-term",1,0.414493644
"47923","Short-term",1,0.831814942
"48901","Short-term",1,0.117479606
"49879","Short-term",1,0.132093642
"50857","Short-term",1,0.35101608
"51835","Short-term",1,0.199531798
"52813","Short-term",1,0.200809989
"53791","Short-term",1,0.301636824
"54769","Short-term",1,0.669587438
"55747","Short-term",1,0.166182833
"56725","Short-term",1,0.399581957
"57703","Short-term",1,0.131916902
"58681","Short-term",1,0.079320991
"59659","Short-term",1,0.109248136
"60637","Short-term",1,0.650396283
"61615","Short-term",1,0.151014057
"62593","Short-term",1,0.252591244
"63571","Short-term",1,0.212706109
"64549","Short-term",1,0.278614235
"65527","Short-term",1,0.188592539
"66505","Short-term",1,0.252774922
"67483","Short-term",1,0.206057068
"68461","Short-term",1,0.435570635
"69439","Short-term",1,0.380510439
"70417","Short-term",1,0.284179315
"71395","Short-term",1,0.33615049
"72373","Short-term",1,0.177500519
"73351","Short-term",1,0.421155295
"74329","Short-term",1,0.21860738
"75307","Short-term",1,0.31395438
"76285","Short-term",1,0.232734813
"77263","Short-term",1,0.44899036
"78241","Short-term",1,0.368169575
"79219","Short-term",1,0.654524913
"80197","Short-term",1,0.110460919
"81175","Short-term",1,0.103461034
"82153","Short-term",1,0.548331302
"83131","Short-term",1,0.355796811
"84109","Short-term",1,0.409066737
"85087","Short-term",1,0.172718484
"86065","Short-term",1,0.320424099
"87043","Short-term",1,0.254264761
"88021","Short-term",1,0.196691842
"88999","Short-term",1,0.323893097
"89977","Short-term",1,0.195766673
"90955","Short-term",1,0.80532862
"91933","Short-term",1,0.177050273
"92911","Short-term",1,0.510803594
"93889","Short-term",1,0.203460027
"94867","Short-term",1,0.297169625
"95845","Short-term",1,0.197145543
"96823","Short-term",1,0.142736924
"97801","Short-term",1,0.12981361
"98779","Short-term",1,0.13291359
"99757","Short-term",1,0.223186617
"100735","Short-term",1,0.269347747
"101713","Short-term",1,0.247179533
"102691","Short-term",1,0.364775246
"103669","Short-term",1,0.380312218
"104647","Short-term",1,0.375290496
"105625","Short-term",1,0.481714746
"106603","Short-term",1,0.219604828
"107581","Short-term",1,0.281720353
"108559","Short-term",1,0.381024711
"109537","Short-term",1,0.386323738
"110515","Short-term",1,0.251165363
"111493","Short-term",1,0.432266546
"112471","Short-term",1,0.319318975
"113449","Short-term",1,0.339884709
"114427","Short-term",1,0.294495694
"115405","Short-term",1,0.149432655
"116383","Short-term",1,0.292225841
"117361","Short-term",1,0.368840296
"118339","Short-term",1,0.432704389
"119317","Short-term",1,0.5167431
"120295","Short-term",1,0.636793667
"121273","Short-term",1,0.692432395
"122251","Short-term",1,0.627348327
"123229","Short-term",1,0.12475575
"124207","Short-term",1,0.327567783
"125185","Short-term",1,0.841337309
"126163","Short-term",1,0.339873663
"127141","Short-term",1,0.244870644
"128119","Short-term",1,0.604796845
"129097","Short-term",1,0.169924627
"130075","Short-term",1,0.272981066
"131053","Short-term",1,0.284957997
"132031","Short-term",1,0.276581192
"133009","Short-term",1,0.289143239
"133987","Short-term",1,0.23884811
"134965","Short-term",1,0.141738749
"135943","Short-term",1,0.199632653
"136921","Short-term",1,0.188566152
"137899","Short-term",1,0.329210486
"138877","Short-term",1,0.123440126
"139855","Short-term",1,0.163613885
"140833","Short-term",1,0.192528066
"141811","Short-term",1,0.213930999
"142789","Short-term",1,0.18707032
"143767","Short-term",1,0.665626593
"144745","Short-term",1,0.209789502
"145723","Short-term",1,0.3450285
"146701","Short-term",1,0.380726964
"147679","Short-term",1,0.17554586
"148657","Short-term",1,0.254304716
"149635","Short-term",1,0.469482832
"150613","Short-term",1,0.238631262
"151591","Short-term",1,0.27701575
"152569","Short-term",1,0.303421301
"153547","Short-term",1,0.218972815
"154525","Short-term",1,0.27406246
"155503","Short-term",1,0.456463281
"156481","Short-term",1,0.152854986
"157459","Short-term",1,0.102252662
"158437","Short-term",1,0.173815675
"159415","Short-term",1,0.211529779
"160393","Short-term",1,0.313133045
"161371","Short-term",1,0.335490037
"162349","Short-term",1,0.257069513
"163327","Short-term",1,0.324789406
"164305","Short-term",1,0.15725908
"165283","Short-term",1,0.164786976
"166261","Short-term",1,0.289333851
"167239","Short-term",1,0.144273393
"168217","Short-term",1,0.249741316
"169195","Short-term",1,0.181357644
"170173","Short-term",1,0.240676287
"171151","Short-term",1,0.31748346
"172129","Short-term",1,0.245297089
"173107","Short-term",1,0.178040953
"174085","Short-term",1,0.180258609
"175063","Short-term",1,0.179542866
"176041","Short-term",1,0.275824987
"177019","Short-term",1,0.281991329
"177997","Short-term",1,0.09327982
"178975","Short-term",1,0.252284
"179953","Short-term",1,0.291116787
"180931","Short-term",1,0.354030393
"181909","Short-term",1,0.183617598
"182887","Short-term",1,0.30444755
"183865","Short-term",1,0.227606582
"184843","Short-term",1,0.214317798
"185821","Short-term",1,0.361527083
"186799","Short-term",1,0.50418277
"187777","Short-term",1,0.454790447
"188755","Short-term",1,0.195436381
"189733","Short-term",1,0.218403784
"190711","Short-term",1,0.278988286
"191689","Short-term",1,0.389560324
"192667","Short-term",1,0.266147123
"193645","Short-term",1,0.341630673
"194623","Short-term",1,0.340245607
"195601","Short-term",1,0.138648035
"196579","Short-term",1,0.107042388
"197557","Short-term",1,0.450164894
"198535","Short-term",1,0.298741022
"199513","Short-term",1,0.187471253
"200491","Short-term",1,0.365829486
"201469","Short-term",1,0.26663232
"202447","Short-term",1,0.165360279
"203425","Short-term",1,0.251346114
"204403","Short-term",1,0.237448429
"205381","Short-term",1,0.204571456
"206359","Short-term",1,0.48541636
"207337","Short-term",1,0.194376068
"208315","Short-term",1,0.234737941
"209293","Short-term",1,0.191384087
"210271","Short-term",1,0.214328836
"211249","Short-term",1,0.328106461
"212227","Short-term",1,0.201065676
"213205","Short-term",1,0.552761377
"214183","Short-term",1,0.329505355
"215161","Short-term",1,0.23816752
"216139","Short-term",1,0.213490878
"217117","Short-term",1,0.639650637
"218095","Short-term",1,0.280760135
"219073","Short-term",1,0.251423699
"220051","Short-term",1,0.379453437
"221029","Short-term",1,0.108102478
"222007","Short-term",1,0.188427653
"222985","Short-term",1,0.291405025
"223963","Short-term",1,0.209742792
"224941","Short-term",1,0.248278482
"225919","Short-term",1,0.262566582
"226897","Short-term",1,0.223051295
"227875","Short-term",1,0.155563684
"228853","Short-term",1,0.25140868
"229831","Short-term",1,0.192299414
"230809","Short-term",1,0.62964315
"231787","Short-term",1,0.284854107
"232765","Short-term",1,0.439294204
"233743","Short-term",1,0.30710831
"234721","Short-term",1,0.156374028
"235699","Short-term",1,0.132659232
"236677","Short-term",1,0.154331104
"237655","Short-term",1,0.580730514
"238633","Short-term",1,0.304667642
"239611","Short-term",1,0.333428353
"240589","Short-term",1,0.171028399
"241567","Short-term",1,0.40744115
"242545","Short-term",1,0.362529185
"243523","Short-term",1,0.28472557
"244501","Short-term",1,0.221359002
"245479","Short-term",1,0.191708999
"246457","Short-term",1,0.499910602
"247435","Short-term",1,0.484625333
"248413","Short-term",1,0.283029215
"249391","Short-term",1,0.440576212
"250369","Short-term",1,0.313619462
"251347","Short-term",1,0.295714386
"252325","Short-term",1,0.208122705
"253303","Short-term",1,0.458998087
"254281","Short-term",1,0.27633155
"255259","Short-term",1,1.356153699
"256237","Short-term",1,0.1561805
"257215","Short-term",1,0.224458145
"258193","Short-term",1,0.467852904
"259171","Short-term",1,0.498764766
"260149","Short-term",1,0.592816797
"261127","Short-term",1,0.276627964
"262105","Short-term",1,0.448583617
"263083","Short-term",1,0.133882564
"264061","Short-term",1,0.138966585
"265039","Short-term",1,0.835239513
"266017","Short-term",1,0.372511994
"266995","Short-term",1,0.207978828
"267973","Short-term",1,0.321299288
"268951","Short-term",1,0.39353929
"269929","Short-term",1,0.325621322
"270907","Short-term",1,0.257832045
"271885","Short-term",1,0.152965341
"272863","Short-term",1,0.267557863
"273841","Short-term",1,0.161530003
"274819","Short-term",1,0.591051788
"275797","Short-term",1,0.175838101
"276775","Short-term",1,0.065944076
"277753","Short-term",1,0.12602005
"278731","Short-term",1,0.260802828
"279709","Short-term",1,0.355820499
"280687","Short-term",1,0.615507054
"281665","Short-term",1,0.490398359
"282643","Short-term",1,0.330248804
"283621","Short-term",1,0.35997637
"284599","Short-term",1,0.326141891
"285577","Short-term",1,0.215690513
"286555","Short-term",1,0.20847714
"287533","Short-term",1,0.281905935
"288511","Short-term",1,0.279096452
"289489","Short-term",1,0.184531305
"290467","Short-term",1,0.121683792
"291445","Short-term",1,0.406699742
"292423","Short-term",1,0.074365533
"293401","Short-term",1,0.372358091
"294379","Short-term",1,0.158531834
"295357","Short-term",1,0.281355592
"296335","Short-term",1,0.22768882
"297313","Short-term",1,0.417576828
"298291","Short-term",1,0.51470719
"299269","Short-term",1,0.31439126
"300247","Short-term",1,0.286137244
"301225","Short-term",1,0.300964343
"302203","Short-term",1,0.254106137
"303181","Short-term",1,0.089945296
"304159","Short-term",1,0.523300374
"305137","Short-term",1,0.140682394
"306115","Short-term",1,0.184388587
"307093","Short-term",1,0.401943582
"308071","Short-term",1,0.495668968
"309049","Short-term",1,0.195503849
"310027","Short-term",1,0.205556434
"311005","Short-term",1,0.37427699
"311983","Short-term",1,0.457737129
"312961","Short-term",1,0.315787359
"313939","Short-term",1,0.420125569
"314917","Short-term",1,0.419226302
"315895","Short-term",1,0.170747542
"316873","Short-term",1,0.231725537
"317851","Short-term",1,0.254423417
"318829","Short-term",1,0.138832634
"319807","Short-term",1,0.449119086
"320785","Short-term",1,0.211128881
"321763","Short-term",1,0.365648831
"322741","Short-term",1,0.245953864
"323719","Short-term",1,0.470489143
"324697","Short-term",1,0.32959273
"325675","Short-term",1,0.518075732
"326653","Short-term",1,0.375698385
"327631","Short-term",1,0.300147392
"328609","Short-term",1,0.186998053
"329587","Short-term",1,0.424219991
"330565","Short-term",1,0.186209531
"331543","Short-term",1,0.233628602
"332521","Short-term",1,0.534199691
"333499","Short-term",1,0.391287558
"334477","Short-term",1,0.283564905
"335455","Short-term",1,0.149098604
"336433","Short-term",1,0.199647751
"337411","Short-term",1,0.194184417
"338389","Short-term",1,0.299653042
"339367","Short-term",1,0.109962246
"340345","Short-term",1,0.194379165
"341323","Short-term",1,0.331733107
"342301","Short-term",1,0.315188006
"343279","Short-term",1,0.277059932
"344257","Short-term",1,0.176798018
"345235","Short-term",1,0.313535656
"346213","Short-term",1,0.319017998
"347191","Short-term",1,0.352505766
"348169","Short-term",1,0.174610165
"349147","Short-term",1,0.176774908
"350125","Short-term",1,0.183178229
"351103","Short-term",1,0.182588443
"352081","Short-term",1,0.509382523
"353059","Short-term",1,0.324445299
"354037","Short-term",1,0.266281382
"355015","Short-term",1,0.09214367
"355993","Short-term",1,0.39936808
"356971","Short-term",1,0.372160349
"357949","Short-term",1,0.324993896
"358927","Short-term",1,0.134900654
"359905","Short-term",1,0.137351305
"360883","Short-term",1,0.217794019
"361861","Short-term",1,1.009606878
"362839","Short-term",1,0.305033396
"363817","Short-term",1,0.118896204
"364795","Short-term",1,0.131296127
"365773","Short-term",1,0.358901448
"366751","Short-term",1,0.298162562
"367729","Short-term",1,0.151945272
"368707","Short-term",1,0.214496299
"369685","Short-term",1,0.187746362
"370663","Short-term",1,0.27020358
"371641","Short-term",1,0.363770507
"372619","Short-term",1,0.300147881
"373597","Short-term",1,0.15085015
"374575","Short-term",1,0.347130027
"375553","Short-term",1,0.210413045
"376531","Short-term",1,0.245122607
"377509","Short-term",1,0.413493181
"378487","Short-term",1,0.469699335
"379465","Short-term",1,0.515648248
"380443","Short-term",1,0.155894378
"381421","Short-term",1,0.348601418
"382399","Short-term",1,0.247671377
"383377","Short-term",1,0.414792193
"384355","Short-term",1,0.119092498
"385333","Short-term",1,0.351614518
"386311","Short-term",1,0.308844656
"387289","Short-term",1,0.102938492
"388267","Short-term",1,0.230222505
"389245","Short-term",1,0.435657535
"390223","Short-term",1,0.318225336
"391201","Short-term",1,0.355185458
"392179","Short-term",1,0.577696915
"393157","Short-term",1,0.315278825
"394135","Short-term",1,0.313544222
"395113","Short-term",1,0.276274706
"396091","Short-term",1,0.134363018
"397069","Short-term",1,0.323184089
"398047","Short-term",1,0.160526964
"399025","Short-term",1,0.630062753
"400003","Short-term",1,0.195369549
"400981","Short-term",1,0.282497633
"401959","Short-term",1,0.508656818
"402937","Short-term",1,0.330972246
"403915","Short-term",1,0.236896078
"404893","Short-term",1,0.160411451
"405871","Short-term",1,0.096998698
"406849","Short-term",1,0.23599177
"407827","Short-term",1,0.242619464
"408805","Short-term",1,0.184147576
"409783","Short-term",1,0.368842606
"410761","Short-term",1,0.093543003
"411739","Short-term",1,0.677749826
"412717","Short-term",1,0.434500395
"413695","Short-term",1,0.335499922
"414673","Short-term",1,0.312434825
"415651","Short-term",1,0.137900588
"416629","Short-term",1,0.23434327
"417607","Short-term",1,0.348990227
"418585","Short-term",1,0.305586685
"419563","Short-term",1,0.394427639
"420541","Short-term",1,0.225447268
"421519","Short-term",1,0.185020696
"422497","Short-term",1,0.308215712
"423475","Short-term",1,0.200247119
"424453","Short-term",1,0.388324159
"425431","Short-term",1,0.321210013
"426409","Short-term",1,0.86930647
"427387","Short-term",1,0.411223793
"428365","Short-term",1,0.28281242
"429343","Short-term",1,0.221576641
"430321","Short-term",1,0.325013746
"431299","Short-term",1,0.226057526
"432277","Short-term",1,0.475063442
"433255","Short-term",1,0.393662055
"434233","Short-term",1,0.16345539
"435211","Short-term",1,0.365965933
"436189","Short-term",1,0.328695714
"437167","Short-term",1,0.076577582
"438145","Short-term",1,0.444074106
"439123","Short-term",1,0.097073132
"440101","Short-term",1,0.107885107
"441079","Short-term",1,0.164650368
"442057","Short-term",1,0.149939783
"443035","Short-term",1,0.355664629
"444013","Short-term",1,0.273177335
"444991","Short-term",1,0.298452998
"445969","Short-term",1,0.212704175
"446947","Short-term",1,0.437264194
"447925","Short-term",1,0.299118958
"448903","Short-term",1,0.169378919
"449881","Short-term",1,0.180261919
"450859","Short-term",1,0.34293428
"451837","Short-term",1,0.117005336
"452815","Short-term",1,0.262500128
"453793","Short-term",1,0.47194892
"454771","Short-term",1,0.407159721
"455749","Short-term",1,0.237348305
"456727","Short-term",1,0.447436782
"457705","Short-term",1,0.17880465
"458683","Short-term",1,0.850580148
"459661","Short-term",1,0.305109938
"460639","Short-term",1,0.242097899
"461617","Short-term",1,0.227866653
"462595","Short-term",1,0.155670095
"463573","Short-term",1,0.377410206
"464551","Short-term",1,0.185976444
"465529","Short-term",1,0.084387732
"466507","Short-term",1,0.519424127
"467485","Short-term",1,0.263813757
"468463","Short-term",1,0.484899478
"469441","Short-term",1,0.260205205
"470419","Short-term",1,0.346533009
"471397","Short-term",1,0.18826569
"472375","Short-term",1,0.499437063
"473353","Short-term",1,0.188247468
"474331","Short-term",1,0.144299068
"475309","Short-term",1,0.591313495
"476287","Short-term",1,0.108532876
"477265","Short-term",1,0.180446678
"478243","Short-term",1,0.178280753
"479221","Short-term",1,0.133630308
"480199","Short-term",1,0.238886009
"481177","Short-term",1,0.29985203
"482155","Short-term",1,0.32269759
"483133","Short-term",1,0.079892331
"484111","Short-term",1,0.246008656
"485089","Short-term",1,0.225228005
"486067","Short-term",1,0.170331881
"487045","Short-term",1,0.239970785
"488023","Short-term",1,0.231199146
"489001","Short-term",1,0.156289241
"489979","Short-term",1,0.152667445
"490957","Short-term",1,0.356281021
"491935","Short-term",1,0.137404801
"492913","Short-term",1,0.137991303
"493891","Short-term",1,0.614812712
"494869","Short-term",1,0.398307659
"495847","Short-term",1,0.202082943
"496825","Short-term",1,0.153218789
"497803","Short-term",1,0.109650729
"498781","Short-term",1,0.364737446
"499759","Short-term",1,0.12161229
"500737","Short-term",1,0.204285433
"501715","Short-term",1,0.312051276
"502693","Short-term",1,0.278038427
"503671","Short-term",1,0.374591521
"504649","Short-term",1,0.312585156
"505627","Short-term",1,0.147377436
"506605","Short-term",1,0.124306757
"507583","Short-term",1,0.443149991
"508561","Short-term",1,0.35531403
"509539","Short-term",1,0.210567941
"510517","Short-term",1,0.147022042
"511495","Short-term",1,0.190530044
"512473","Short-term",1,0.196305031
"513451","Short-term",1,0.329681293
"514429","Short-term",1,0.389063378
"515407","Short-term",1,0.631972954
"516385","Short-term",1,0.498663135
"517363","Short-term",1,0.406857151
"518341","Short-term",1,0.347273855
"519319","Short-term",1,0.630503044
"520297","Short-term",1,0.222528835
"521275","Short-term",1,0.213721561
"522253","Short-term",1,0.318777609
"523231","Short-term",1,0.427903157
"524209","Short-term",1,0.177429959
"525187","Short-term",1,0.244563254
"526165","Short-term",1,0.191846107
"527143","Short-term",1,0.287232786
"528121","Short-term",1,0.224304206
"529099","Short-term",1,0.216400307
"530077","Short-term",1,0.138742216
"531055","Short-term",1,0.454671828
"532033","Short-term",1,0.112098568
"533011","Short-term",1,0.544359038
"533989","Short-term",1,0.374990001
"534967","Short-term",1,0.33550049
"535945","Short-term",1,0.215274109
"536923","Short-term",1,0.354750458
"537901","Short-term",1,0.176204023
"538879","Short-term",1,0.322049413
"539857","Short-term",1,0.323737449
"540835","Short-term",1,0.619582295
"541813","Short-term",1,0.312525217
"542791","Short-term",1,0.1697885
"543769","Short-term",1,0.138475817
"544747","Short-term",1,0.213744699
"545725","Short-term",1,0.241780464
"546703","Short-term",1,0.185724263
"547681","Short-term",1,0.31270583
"548659","Short-term",1,0.228253467
"549637","Short-term",1,0.166227253
"550615","Short-term",1,0.313712388
"551593","Short-term",1,0.334271694
"552571","Short-term",1,0.311789543
"553549","Short-term",1,0.317660521
"554527","Short-term",1,0.201142273
"555505","Short-term",1,0.893062724
"556483","Short-term",1,0.248505343
"557461","Short-term",1,0.241671636
"558439","Short-term",1,0.478733517
"559417","Short-term",1,0.139863113
"560395","Short-term",1,0.536185509
"561373","Short-term",1,0.240466154
"562351","Short-term",1,0.297753281
"563329","Short-term",1,0.888316712
"564307","Short-term",1,0.633494335
"565285","Short-term",1,0.559685839
"566263","Short-term",1,0.321456671
"567241","Short-term",1,0.184147829
"568219","Short-term",1,0.172511224
"569197","Short-term",1,0.086879348
"570175","Short-term",1,0.246863679
"571153","Short-term",1,0.523539103
"572131","Short-term",1,0.374082743
"573109","Short-term",1,0.209802851
"574087","Short-term",1,0.39893722
"575065","Short-term",1,0.428003565
"576043","Short-term",1,0.403220718
"577021","Short-term",1,0.291726897
"577999","Short-term",1,0.254836156
"578977","Short-term",1,0.113025874
"579955","Short-term",1,0.164602572
"580933","Short-term",1,0.130046255
"581911","Short-term",1,0.173589004
"582889","Short-term",1,0.530809638
"583867","Short-term",1,0.217825782
"584845","Short-term",1,0.428822744
"585823","Short-term",1,0.203442062
"586801","Short-term",1,0.306873806
"587779","Short-term",1,0.309048555
"588757","Short-term",1,0.14351296
"589735","Short-term",1,0.265655436
"590713","Short-term",1,0.172538726
"591691","Short-term",1,0.139856699
"592669","Short-term",1,0.404397449
"593647","Short-term",1,0.342858471
"594625","Short-term",1,0.475587008
"595603","Short-term",1,0.155534218
"596581","Short-term",1,0.238877569
"597559","Short-term",1,0.467093133
"598537","Short-term",1,0.254959801
"599515","Short-term",1,0.202880811
"600493","Short-term",1,0.19521049
"601471","Short-term",1,0.269129244
"602449","Short-term",1,0.260360561
"603427","Short-term",1,0.242706448
"604405","Short-term",1,0.524190522
"605383","Short-term",1,0.101763882
"606361","Short-term",1,0.145994642
"607339","Short-term",1,0.106419094
"608317","Short-term",1,0.135698417
"609295","Short-term",1,0.675731685
"610273","Short-term",1,0.30601986
"611251","Short-term",1,0.208768474
"612229","Short-term",1,0.228562291
"613207","Short-term",1,0.55539128
"614185","Short-term",1,0.196797749
"615163","Short-term",1,0.379329391
"616141","Short-term",1,0.218118877
"617119","Short-term",1,0.279187586
"618097","Short-term",1,0.478466379
"619075","Short-term",1,0.48654377
"620053","Short-term",1,0.273539988
"621031","Short-term",1,0.113363931
"622009","Short-term",1,0.540580505
"622987","Short-term",1,0.315346246
"623965","Short-term",1,0.29719138
"624943","Short-term",1,0.189494136
"625921","Short-term",1,0.303693357
"626899","Short-term",1,0.55285739
"627877","Short-term",1,0.344433173
"628855","Short-term",1,0.31917027
"629833","Short-term",1,0.207653204
"630811","Short-term",1,0.202889451
"631789","Short-term",1,0.215827137
"632767","Short-term",1,0.576461052
"633745","Short-term",1,0.596764892
"634723","Short-term",1,0.273362764
"635701","Short-term",1,0.398700438
"636679","Short-term",1,0.229941393
"637657","Short-term",1,0.367535445
"638635","Short-term",1,0.37252282
"639613","Short-term",1,0.262943032
"640591","Short-term",1,0.251493285
"641569","Short-term",1,0.199461045
"642547","Short-term",1,0.154907188
"643525","Short-term",1,0.139802021
"644503","Short-term",1,0.209006282
"645481","Short-term",1,0.100055835
"646459","Short-term",1,0.356813816
"647437","Short-term",1,0.16953601
"648415","Short-term",1,0.197630496
"649393","Short-term",1,0.391253533
"650371","Short-term",1,0.228934197
"651349","Short-term",1,0.273495737
"652327","Short-term",1,0.415599175
"653305","Short-term",1,0.462022087
"654283","Short-term",1,0.297402189
"655261","Short-term",1,0.490725989
"656239","Short-term",1,0.452840536
"657217","Short-term",1,0.113762076
"658195","Short-term",1,0.255158527
"659173","Short-term",1,0.153714007
"660151","Short-term",1,0.139558268
"661129","Short-term",1,0.294473685
"662107","Short-term",1,0.293171371
"663085","Short-term",1,0.376937151
"664063","Short-term",1,0.162137071
"665041","Short-term",1,1.242964538
"666019","Short-term",1,0.187390428
"666997","Short-term",1,0.181514193
"667975","Short-term",1,0.36205946
"668953","Short-term",1,0.217341746
"669931","Short-term",1,0.228147714
"670909","Short-term",1,0.217126841
"671887","Short-term",1,0.18340855
"672865","Short-term",1,0.368126997
"673843","Short-term",1,0.213479303
"674821","Short-term",1,0.428640566
"675799","Short-term",1,0.213576005
"676777","Short-term",1,0.333991532
"677755","Short-term",1,0.113214458
"678733","Short-term",1,0.11421128
"679711","Short-term",1,0.341668047
"680689","Short-term",1,0.216676611
"681667","Short-term",1,0.619617119
"682645","Short-term",1,0.408605855
"683623","Short-term",1,0.256928217
"684601","Short-term",1,0.517127966
"685579","Short-term",1,0.244412394
"686557","Short-term",1,0.200339418
"687535","Short-term",1,0.280270176
"688513","Short-term",1,0.253122394
"689491","Short-term",1,0.455689932
"690469","Short-term",1,0.150047675
"691447","Short-term",1,0.274548882
"692425","Short-term",1,0.176493396
"693403","Short-term",1,0.228677447
"694381","Short-term",1,0.264744544
"695359","Short-term",1,0.161977505
"696337","Short-term",1,0.222371505
"697315","Short-term",1,0.36905953
"698293","Short-term",1,0.344394191
"699271","Short-term",1,0.45503989
"700249","Short-term",1,0.340322129
"701227","Short-term",1,0.133196146
"702205","Short-term",1,0.29667492
"703183","Short-term",1,0.195089152
"704161","Short-term",1,0.183088583
"705139","Short-term",1,0.513437206
"706117","Short-term",1,0.259558941
"707095","Short-term",1,0.283222419
"708073","Short-term",1,0.174443561
"709051","Short-term",1,0.226445284
"710029","Short-term",1,0.505059746
"711007","Short-term",1,0.204193481
"711985","Short-term",1,0.151244752
"712963","Short-term",1,0.486806953
"713941","Short-term",1,0.225447815
"714919","Short-term",1,0.269392204
"715897","Short-term",1,0.300562629
"716875","Short-term",1,0.101057946
"717853","Short-term",1,0.161106279
"718831","Short-term",1,0.133067752
"719809","Short-term",1,0.278310521
"720787","Short-term",1,0.39410024
"721765","Short-term",1,0.314564641
"722743","Short-term",1,0.39834398
"723721","Short-term",1,0.292518392
"724699","Short-term",1,0.299188405
"725677","Short-term",1,0.359546795
"726655","Short-term",1,0.370337033
"727633","Short-term",1,0.094607961
"728611","Short-term",1,0.141225432
"729589","Short-term",1,0.324917333
"730567","Short-term",1,0.247394864
"731545","Short-term",1,0.307393919
"732523","Short-term",1,0.263753563
"733501","Short-term",1,0.296446642
"734479","Short-term",1,0.172165799
"735457","Short-term",1,0.21851569
"736435","Short-term",1,0.358528613
"737413","Short-term",1,0.15004468
"738391","Short-term",1,0.129076057
"739369","Short-term",1,0.428032582
"740347","Short-term",1,0.513910516
"741325","Short-term",1,0.263569796
"742303","Short-term",1,0.170172254
"743281","Short-term",1,0.162030706
"744259","Short-term",1,0.299999874
"745237","Short-term",1,0.132514448
"746215","Short-term",1,0.230857827
"747193","Short-term",1,0.128305964
"748171","Short-term",1,0.180248744
"749149","Short-term",1,0.583859581
"750127","Short-term",1,0.265258142
"751105","Short-term",1,0.223957892
"752083","Short-term",1,0.136895571
"753061","Short-term",1,0.155990223
"754039","Short-term",1,0.593534176
"755017","Short-term",1,0.35383873
"755995","Short-term",1,0.541245833
"756973","Short-term",1,0.376721428
"757951","Short-term",1,0.261599203
"758929","Short-term",1,0.155542665
"759907","Short-term",1,0.329962567
"760885","Short-term",1,0.110125989
"761863","Short-term",1,0.13545082
"762841","Short-term",1,0.460515028
"763819","Short-term",1,0.345424036
"764797","Short-term",1,0.303932126
"765775","Short-term",1,0.165992893
"766753","Short-term",1,0.158553947
"767731","Short-term",1,0.192733819
"768709","Short-term",1,0.372032218
"769687","Short-term",1,0.314283492
"770665","Short-term",1,0.358040146
"771643","Short-term",1,0.152235961
"772621","Short-term",1,1.183047799
"773599","Short-term",1,0.117771778
"774577","Short-term",1,0.502604885
"775555","Short-term",1,0.191023858
"776533","Short-term",1,0.278374183
"777511","Short-term",1,0.222895178
"778489","Short-term",1,0.253933693
"779467","Short-term",1,0.200957231
"780445","Short-term",1,0.361951639
"781423","Short-term",1,0.16593952
"782401","Short-term",1,0.258687567
"783379","Short-term",1,0.350462021
"784357","Short-term",1,0.272761658
"785335","Short-term",1,0.360495772
"786313","Short-term",1,0.183927173
"787291","Short-term",1,0.306169008
"788269","Short-term",1,0.206093573
"789247","Short-term",1,0.266274544
"790225","Short-term",1,0.104523144
"791203","Short-term",1,0.290457898
"792181","Short-term",1,0.24921793
"793159","Short-term",1,0.543552946
"794137","Short-term",1,0.18764016
"795115","Short-term",1,0.339100632
"796093","Short-term",1,0.425730496
"797071","Short-term",1,0.177898377
"798049","Short-term",1,0.422568751
"799027","Short-term",1,0.188189408
"800005","Short-term",1,0.346898976
"800983","Short-term",1,0.243576941
"801961","Short-term",1,0.358324835
"802939","Short-term",1,0.355247503
"803917","Short-term",1,0.224489572
"804895","Short-term",1,0.13028689
"805873","Short-term",1,0.346873505
"806851","Short-term",1,0.280497167
"807829","Short-term",1,0.389466234
"808807","Short-term",1,0.159120415
"809785","Short-term",1,0.221420264
"810763","Short-term",1,0.333421342
"811741","Short-term",1,0.276160868
"812719","Short-term",1,0.164757126
"813697","Short-term",1,0.10005267
"814675","Short-term",1,0.310002402
"815653","Short-term",1,0.231639681
"816631","Short-term",1,0.104527061
"817609","Short-term",1,0.287034293
"818587","Short-term",1,0.218811965
"819565","Short-term",1,0.686209669
"820543","Short-term",1,0.151771757
"821521","Short-term",1,0.14871442
"822499","Short-term",1,0.387439138
"823477","Short-term",1,0.187647843
"824455","Short-term",1,0.788193027
"825433","Short-term",1,0.256203476
"826411","Short-term",1,0.169893147
"827389","Short-term",1,0.362313355
"828367","Short-term",1,0.326960446
"829345","Short-term",1,0.299971023
"830323","Short-term",1,0.315985886
"831301","Short-term",1,0.331130095
"832279","Short-term",1,0.195570442
"833257","Short-term",1,0.787489113
"834235","Short-term",1,0.257037077
"835213","Short-term",1,0.131808799
"836191","Short-term",1,0.254254217
"837169","Short-term",1,0.286039564
"838147","Short-term",1,0.362381802
"839125","Short-term",1,0.233897737
"840103","Short-term",1,0.367597797
"841081","Short-term",1,0.441691123
"842059","Short-term",1,0.1648311
"843037","Short-term",1,0.203473139
"844015","Short-term",1,0.630506449
"844993","Short-term",1,0.420848441
"845971","Short-term",1,0.231189728
"846949","Short-term",1,0.401765015
"847927","Short-term",1,0.195615852
"848905","Short-term",1,0.293625482
"849883","Short-term",1,0.190095617
"850861","Short-term",1,0.183544666
"851839","Short-term",1,0.270809893
"852817","Short-term",1,0.163800659
"853795","Short-term",1,0.274392902
"854773","Short-term",1,0.532754861
"855751","Short-term",1,0.245782781
"856729","Short-term",1,0.182029778
"857707","Short-term",1,0.398508259
"858685","Short-term",1,0.387572291
"859663","Short-term",1,0.135609873
"860641","Short-term",1,0.413293529
"861619","Short-term",1,0.2444885
"862597","Short-term",1,0.17192355
"863575","Short-term",1,0.138257804
"864553","Short-term",1,0.32265798
"865531","Short-term",1,0.529674429
"866509","Short-term",1,0.424393721
"867487","Short-term",1,0.143878192
"868465","Short-term",1,0.185993092
"869443","Short-term",1,0.152192086
"870421","Short-term",1,0.131516084
"871399","Short-term",1,0.363202468
"872377","Short-term",1,0.134352374
"873355","Short-term",1,0.339541036
"874333","Short-term",1,0.372098325
"875311","Short-term",1,0.376006496
"876289","Short-term",1,0.268679003
"877267","Short-term",1,0.323042504
"878245","Short-term",1,0.135441302
"879223","Short-term",1,0.39008802
"880201","Short-term",1,0.23421329
"881179","Short-term",1,0.185220227
"882157","Short-term",1,0.303073307
"883135","Short-term",1,0.217087668
"884113","Short-term",1,0.225924029
"885091","Short-term",1,0.542124197
"886069","Short-term",1,0.553067411
"887047","Short-term",1,0.348753174
"888025","Short-term",1,0.234778253
"889003","Short-term",1,0.142009411
"889981","Short-term",1,0.353501986
"890959","Short-term",1,0.420194962
"891937","Short-term",1,0.283376231
"892915","Short-term",1,0.150644693
"893893","Short-term",1,0.431125784
"894871","Short-term",1,0.42651066
"895849","Short-term",1,0.41025515
"896827","Short-term",1,0.123386348
"897805","Short-term",1,0.130975195
"898783","Short-term",1,0.14063585
"899761","Short-term",1,0.23842418
"900739","Short-term",1,0.23918146
"901717","Short-term",1,0.269381715
"902695","Short-term",1,0.283831385
"903673","Short-term",1,0.661438314
"904651","Short-term",1,0.323063182
"905629","Short-term",1,0.156615321
"906607","Short-term",1,0.189309829
"907585","Short-term",1,0.516017794
"908563","Short-term",1,0.382688593
"909541","Short-term",1,0.453669909
"910519","Short-term",1,0.180436581
"911497","Short-term",1,0.106808642
"912475","Short-term",1,0.224246468
"913453","Short-term",1,0.086038239
"914431","Short-term",1,0.209360496
"915409","Short-term",1,0.293111652
"916387","Short-term",1,0.219702334
"917365","Short-term",1,0.170006195
"918343","Short-term",1,0.126728223
"919321","Short-term",1,0.126908213
"920299","Short-term",1,0.189018818
"921277","Short-term",1,0.213244982
"922255","Short-term",1,0.217269324
"923233","Short-term",1,0.063739613
"924211","Short-term",1,0.378333776
"925189","Short-term",1,0.380606361
"926167","Short-term",1,0.319889093
"927145","Short-term",1,0.475158543
"928123","Short-term",1,0.150987876
"929101","Short-term",1,0.209613963
"930079","Short-term",1,0.226761267
"931057","Short-term",1,0.265586081
"932035","Short-term",1,0.30358258
"933013","Short-term",1,0.23328211
"933991","Short-term",1,0.232104666
"934969","Short-term",1,0.211166026
"935947","Short-term",1,0.161606746
"936925","Short-term",1,0.133310743
"937903","Short-term",1,0.286048821
"938881","Short-term",1,0.151154284
"939859","Short-term",1,0.142837885
"940837","Short-term",1,0.310095752
"941815","Short-term",1,0.210711641
"942793","Short-term",1,0.100022927
"943771","Short-term",1,0.233818254
"944749","Short-term",1,0.222826763
"945727","Short-term",1,0.129643492
"946705","Short-term",1,0.165250397
"947683","Short-term",1,0.357742941
"948661","Short-term",1,0.324909379
"949639","Short-term",1,0.312806847
"950617","Short-term",1,0.350717418
"951595","Short-term",1,0.41916328
"952573","Short-term",1,0.559151984
"953551","Short-term",1,0.220248187
"954529","Short-term",1,0.411988377
"955507","Short-term",1,0.448607683
"956485","Medium-term",1,0.863298289
"957463","Medium-term",1,0.969326574
"958441","Medium-term",1,0.63524254
"959419","Medium-term",1,0.91090032
"960397","Medium-term",1,0.913974439
"961375","Medium-term",1,0.812464225
"962353","Medium-term",1,0.67605927
"963331","Medium-term",1,1.152160049
"964309","Medium-term",1,0.850182335
"965287","Medium-term",1,0.608091903
"966265","Medium-term",1,0.669956951
"967243","Medium-term",1,0.573348751
"968221","Medium-term",1,1.454482393
"969199","Medium-term",1,1.409563099
"970177","Medium-term",1,0.682748791
"971155","Medium-term",1,0.779669039
"972133","Medium-term",1,0.647793779
"973111","Medium-term",1,0.59799657
"974089","Medium-term",1,0.913965944
"975067","Medium-term",1,0.825719697
"976045","Medium-term",1,1.106762588
"977023","Medium-term",1,0.933401827
"978001","Medium-term",1,0.767092743
"978979","Medium-term",1,0.724128208
"979957","Medium-term",1,0.54663087
"980935","Medium-term",1,0.665697714
"981913","Medium-term",1,0.788887805
"982891","Medium-term",1,1.096350923
"983869","Medium-term",1,1.007475608
"984847","Medium-term",1,1.088252
"985825","Medium-term",1,1.030097713
"986803","Medium-term",1,0.612633778
"987781","Medium-term",1,0.601292798
"988759","Medium-term",1,0.673708054
"989737","Medium-term",1,0.526359181
"990715","Medium-term",1,0.780509327
"991693","Medium-term",1,0.409604599
"992671","Medium-term",1,0.508784332
"993649","Medium-term",1,0.570843897
"994627","Medium-term",1,0.795479659
"995605","Medium-term",1,0.609443741
"996583","Medium-term",1,0.602233912
"997561","Medium-term",1,0.784540649
"998539","Medium-term",1,0.523209986
"999517","Medium-term",1,0.630632143
"1000495","Medium-term",1,0.629167138
"1001473","Medium-term",1,0.718406381
"1002451","Medium-term",1,0.944407483
"1003429","Medium-term",1,0.806503021
"1004407","Medium-term",1,1.141531277
"1005385","Medium-term",1,0.707398615
"1006363","Medium-term",1,0.67919892
"1007341","Medium-term",1,1.359772376
"1008319","Medium-term",1,0.95820655
"1009297","Medium-term",1,0.721501704
"1010275","Medium-term",1,0.789065762
"1011253","Medium-term",1,1.385102339
"1012231","Medium-term",1,0.710273369
"1013209","Medium-term",1,0.841382413
"1014187","Medium-term",1,0.488303726
"1015165","Medium-term",1,0.552102998
"1016143","Medium-term",1,0.476703883
"1017121","Medium-term",1,0.422830748
"1018099","Medium-term",1,0.582497119
"1019077","Medium-term",1,1.190962253
"1020055","Medium-term",1,0.747540981
"1021033","Medium-term",1,0.42779357
"1022011","Medium-term",1,0.617915582
"1022989","Medium-term",1,1.025310723
"1023967","Medium-term",1,0.593623771
"1024945","Medium-term",1,0.762394467
"1025923","Medium-term",1,1.214639585
"1026901","Medium-term",1,0.501471676
"1027879","Medium-term",1,0.82857068
"1028857","Medium-term",1,0.697563323
"1029835","Medium-term",1,0.831485943
"1030813","Medium-term",1,0.658695691
"1031791","Medium-term",1,1.364013941
"1032769","Medium-term",1,0.61521438
"1033747","Medium-term",1,0.542351393
"1034725","Medium-term",1,1.349184492
"1035703","Medium-term",1,1.064159919
"1036681","Medium-term",1,0.593842112
"1037659","Medium-term",1,0.622482122
"1038637","Medium-term",1,1.259716479
"1039615","Medium-term",1,0.701717661
"1040593","Medium-term",1,0.740285955
"1041571","Medium-term",1,0.669273544
"1042549","Medium-term",1,0.784586835
"1043527","Medium-term",1,1.115949302
"1044505","Medium-term",1,0.534504627
"1045483","Medium-term",1,0.799457783
"1046461","Medium-term",1,0.565630616
"1047439","Medium-term",1,1.400350854
"1048417","Medium-term",1,0.571160574
