"","SSBestratioreal","Fratioreal","Year","Scenario","OM","Rho","Frequency","HCR"
"1",0.102703256764288,2.47003754429348,2019,1,1,"No rho-adjustment","Two year updates",1
"2",0.102703256764288,2.47003754429348,2020,1,1,"No rho-adjustment","Two year updates",1
"3",0.176020006193535,0.15167472236413,2021,1,1,"No rho-adjustment","Two year updates",1
"4",0.176020006193535,0.15167472236413,2022,1,1,"No rho-adjustment","Two year updates",1
"5",0.376213924941311,0.261644832391304,2023,1,1,"No rho-adjustment","Two year updates",1
"6",0.376213924941311,0.261644832391304,2024,1,1,"No rho-adjustment","Two year updates",1
"7",0.655042785843415,0.539180117119565,2025,1,1,"No rho-adjustment","Two year updates",1
"8",0.655042785843415,0.539180117119565,2026,1,1,"No rho-adjustment","Two year updates",1
"9",0.903034365782633,0.744786261684782,2027,1,1,"No rho-adjustment","Two year updates",1
"10",0.903034365782633,0.744786261684782,2028,1,1,"No rho-adjustment","Two year updates",1
"11",1.15823052814043,0.750308179891304,2029,1,1,"No rho-adjustment","Two year updates",1
"12",1.15823052814043,0.750308179891304,2030,1,1,"No rho-adjustment","Two year updates",1
"13",1.39763109944809,0.745607179076087,2031,1,1,"No rho-adjustment","Two year updates",1
"14",1.39763109944809,0.745607179076087,2032,1,1,"No rho-adjustment","Two year updates",1
"15",1.39622010473011,0.74105195625,2033,1,1,"No rho-adjustment","Two year updates",1
"16",1.39622010473011,0.74105195625,2034,1,1,"No rho-adjustment","Two year updates",1
"17",1.36351690337588,0.745123424184783,2035,1,1,"No rho-adjustment","Two year updates",1
"18",1.36351690337588,0.745123424184783,2036,1,1,"No rho-adjustment","Two year updates",1
"19",1.31218543502938,0.747383390217391,2037,1,1,"No rho-adjustment","Two year updates",1
"20",1.31218543502938,0.747383390217391,2038,1,1,"No rho-adjustment","Two year updates",1
"21",1.22205713736554,0.737473201630435,2039,1,1,"No rho-adjustment","Two year updates",1
"22",1.22205713736554,0.737473201630435,2040,1,1,"No rho-adjustment","Two year updates",1
"23",0.102117900522021,2.49437215271739,2019,2,1,"No rho-adjustment","Two year updates",2
"24",0.102117900522021,2.49437215271739,2020,2,1,"No rho-adjustment","Two year updates",2
"25",0.172080963886552,0.2262460275,2021,2,1,"No rho-adjustment","Two year updates",2
"26",0.172080963886552,0.2262460275,2022,2,1,"No rho-adjustment","Two year updates",2
"27",0.36990101669676,0.197350658315217,2023,2,1,"No rho-adjustment","Two year updates",2
"28",0.36990101669676,0.197350658315217,2024,2,1,"No rho-adjustment","Two year updates",2
"29",0.653706621234709,0.28887301173913,2025,2,1,"No rho-adjustment","Two year updates",2
"30",0.653706621234709,0.28887301173913,2026,2,1,"No rho-adjustment","Two year updates",2
"31",0.896972966282969,0.512701893586957,2027,2,1,"No rho-adjustment","Two year updates",2
"32",0.896972966282969,0.512701893586957,2028,2,1,"No rho-adjustment","Two year updates",2
"33",1.22004709412077,0.713097601630435,2029,2,1,"No rho-adjustment","Two year updates",2
"34",1.22004709412077,0.713097601630435,2030,2,1,"No rho-adjustment","Two year updates",2
"35",1.44647201787339,0.738509121195652,2031,2,1,"No rho-adjustment","Two year updates",2
"36",1.44647201787339,0.738509121195652,2032,2,1,"No rho-adjustment","Two year updates",2
"37",1.44659212787317,0.737904834782609,2033,2,1,"No rho-adjustment","Two year updates",2
"38",1.44659212787317,0.737904834782609,2034,2,1,"No rho-adjustment","Two year updates",2
"39",1.37253256086344,0.749504636413043,2035,2,1,"No rho-adjustment","Two year updates",2
"40",1.37253256086344,0.749504636413043,2036,2,1,"No rho-adjustment","Two year updates",2
"41",1.31290770739582,0.747645627717391,2037,2,1,"No rho-adjustment","Two year updates",2
"42",1.31290770739582,0.747645627717391,2038,2,1,"No rho-adjustment","Two year updates",2
"43",1.21257900113317,0.744285404347826,2039,2,1,"No rho-adjustment","Two year updates",2
"44",1.21257900113317,0.744285404347826,2040,2,1,"No rho-adjustment","Two year updates",2
"45",0.103954381217165,2.43820120597826,2019,3,1,"No rho-adjustment","Two year updates",3
"46",0.103954381217165,2.43820120597826,2020,3,1,"No rho-adjustment","Two year updates",3
"47",0.175573221430856,0.688758649728261,2021,3,1,"No rho-adjustment","Two year updates",3
"48",0.175573221430856,0.688758649728261,2022,3,1,"No rho-adjustment","Two year updates",3
"49",0.333239703834648,0.677228886684783,2023,3,1,"No rho-adjustment","Two year updates",3
"50",0.333239703834648,0.677228886684783,2024,3,1,"No rho-adjustment","Two year updates",3
"51",0.547516016222835,0.663641129347826,2025,3,1,"No rho-adjustment","Two year updates",3
"52",0.547516016222835,0.663641129347826,2026,3,1,"No rho-adjustment","Two year updates",3
"53",0.792490040557039,0.650294706521739,2027,3,1,"No rho-adjustment","Two year updates",3
"54",0.792490040557039,0.650294706521739,2028,3,1,"No rho-adjustment","Two year updates",3
"55",1.12114150180106,0.665615240217391,2029,3,1,"No rho-adjustment","Two year updates",3
"56",1.12114150180106,0.665615240217391,2030,3,1,"No rho-adjustment","Two year updates",3
"57",1.39150204999825,0.685119900815217,2031,3,1,"No rho-adjustment","Two year updates",3
"58",1.39150204999825,0.685119900815217,2032,3,1,"No rho-adjustment","Two year updates",3
"59",1.45485867300085,0.712308445923913,2033,3,1,"No rho-adjustment","Two year updates",3
"60",1.45485867300085,0.712308445923913,2034,3,1,"No rho-adjustment","Two year updates",3
"61",1.38966297653666,0.746381675543478,2035,3,1,"No rho-adjustment","Two year updates",3
"62",1.38966297653666,0.746381675543478,2036,3,1,"No rho-adjustment","Two year updates",3
"63",1.32289408068398,0.737857056521739,2037,3,1,"No rho-adjustment","Two year updates",3
"64",1.32289408068398,0.737857056521739,2038,3,1,"No rho-adjustment","Two year updates",3
"65",1.23465270804524,0.741415179619565,2039,3,1,"No rho-adjustment","Two year updates",3
"66",1.23465270804524,0.741415179619565,2040,3,1,"No rho-adjustment","Two year updates",3
"67",0.102230701763041,2.46714098722826,2019,4,1,"No rho-adjustment","Two year updates",4
"68",0.102230701763041,2.46714098722826,2020,4,1,"No rho-adjustment","Two year updates",4
"69",0.173316598406114,0.956155116032609,2021,4,1,"No rho-adjustment","Two year updates",4
"70",0.173316598406114,0.956155116032609,2022,4,1,"No rho-adjustment","Two year updates",4
"71",0.327570148234137,0.71645565326087,2023,4,1,"No rho-adjustment","Two year updates",4
"72",0.327570148234137,0.71645565326087,2024,4,1,"No rho-adjustment","Two year updates",4
"73",0.566823678054632,0.301296716902174,2025,4,1,"No rho-adjustment","Two year updates",4
"74",0.566823678054632,0.301296716902174,2026,4,1,"No rho-adjustment","Two year updates",4
"75",0.883357822357054,0.239716565217391,2027,4,1,"No rho-adjustment","Two year updates",4
"76",0.883357822357054,0.239716565217391,2028,4,1,"No rho-adjustment","Two year updates",4
"77",1.34316745729693,0.217486752065217,2029,4,1,"No rho-adjustment","Two year updates",4
"78",1.34316745729693,0.217486752065217,2030,4,1,"No rho-adjustment","Two year updates",4
"79",1.80019028196106,0.220744062146739,2031,4,1,"No rho-adjustment","Two year updates",4
"80",1.80019028196106,0.220744062146739,2032,4,1,"No rho-adjustment","Two year updates",4
"81",2.00906070501072,0.243370380570652,2033,4,1,"No rho-adjustment","Two year updates",4
"82",2.00906070501072,0.243370380570652,2034,4,1,"No rho-adjustment","Two year updates",4
"83",2.03270111424933,0.314940532255435,2035,4,1,"No rho-adjustment","Two year updates",4
"84",2.03270111424933,0.314940532255435,2036,4,1,"No rho-adjustment","Two year updates",4
"85",1.94513488346105,0.430733943586957,2037,4,1,"No rho-adjustment","Two year updates",4
"86",1.94513488346105,0.430733943586957,2038,4,1,"No rho-adjustment","Two year updates",4
"87",1.70513685025695,0.586640218206522,2039,4,1,"No rho-adjustment","Two year updates",4
"88",1.70513685025695,0.586640218206522,2040,4,1,"No rho-adjustment","Two year updates",4
"89",0.178779432700054,1.7910601361413,2019,5,3,"No rho-adjustment","Two year updates",1
"90",0.178779432700054,1.7910601361413,2020,5,3,"No rho-adjustment","Two year updates",1
"91",0.235188641561258,0.310125053641304,2021,5,3,"No rho-adjustment","Two year updates",1
"92",0.235188641561258,0.310125053641304,2022,5,3,"No rho-adjustment","Two year updates",1
"93",0.398916766817782,0.231168002771739,2023,5,3,"No rho-adjustment","Two year updates",1
"94",0.398916766817782,0.231168002771739,2024,5,3,"No rho-adjustment","Two year updates",1
"95",0.581874058887067,0.305438212087912,2025,5,3,"No rho-adjustment","Two year updates",1
"96",0.581874058887067,0.305438212087912,2026,5,3,"No rho-adjustment","Two year updates",1
"97",0.791689350445428,0.598589821978022,2027,5,3,"No rho-adjustment","Two year updates",1
"98",0.791689350445428,0.598589821978022,2028,5,3,"No rho-adjustment","Two year updates",1
"99",0.891985617734181,1.06027876978022,2029,5,3,"No rho-adjustment","Two year updates",1
"100",0.891985617734181,1.06027876978022,2030,5,3,"No rho-adjustment","Two year updates",1
"101",0.799968566636277,1.71138278324176,2031,5,3,"No rho-adjustment","Two year updates",1
"102",0.799968566636277,1.71138278324176,2032,5,3,"No rho-adjustment","Two year updates",1
"103",0.700804981600462,1.7339914706044,2033,5,3,"No rho-adjustment","Two year updates",1
"104",0.700804981600462,1.7339914706044,2034,5,3,"No rho-adjustment","Two year updates",1
"105",0.683632704962561,1.16668901126374,2035,5,3,"No rho-adjustment","Two year updates",1
"106",0.683632704962561,1.16668901126374,2036,5,3,"No rho-adjustment","Two year updates",1
"107",0.742860725368618,0.910805041483516,2037,5,3,"No rho-adjustment","Two year updates",1
"108",0.742860725368618,0.910805041483516,2038,5,3,"No rho-adjustment","Two year updates",1
"109",0.753761827525977,0.905961538186813,2039,5,3,"No rho-adjustment","Two year updates",1
"110",0.753761827525977,0.905961538186813,2040,5,3,"No rho-adjustment","Two year updates",1
"111",0.177522938862677,1.79793124728261,2019,6,3,"No rho-adjustment","Two year updates",2
"112",0.177522938862677,1.79793124728261,2020,6,3,"No rho-adjustment","Two year updates",2
"113",0.235194670313347,0.40056061451087,2021,6,3,"No rho-adjustment","Two year updates",2
"114",0.235194670313347,0.40056061451087,2022,6,3,"No rho-adjustment","Two year updates",2
"115",0.384893731725666,0.37972771826087,2023,6,3,"No rho-adjustment","Two year updates",2
"116",0.384893731725666,0.37972771826087,2024,6,3,"No rho-adjustment","Two year updates",2
"117",0.523373430386279,0.500899094010989,2025,6,3,"No rho-adjustment","Two year updates",2
"118",0.523373430386279,0.500899094010989,2026,6,3,"No rho-adjustment","Two year updates",2
"119",0.668465200605234,0.85057878956044,2027,6,3,"No rho-adjustment","Two year updates",2
"120",0.668465200605234,0.85057878956044,2028,6,3,"No rho-adjustment","Two year updates",2
"121",0.766153225826644,1.40251970274725,2029,6,3,"No rho-adjustment","Two year updates",2
"122",0.766153225826644,1.40251970274725,2030,6,3,"No rho-adjustment","Two year updates",2
"123",0.719707600756263,1.80656086153846,2031,6,3,"No rho-adjustment","Two year updates",2
"124",0.719707600756263,1.80656086153846,2032,6,3,"No rho-adjustment","Two year updates",2
"125",0.670826096231224,1.61616134175824,2033,6,3,"No rho-adjustment","Two year updates",2
"126",0.670826096231224,1.61616134175824,2034,6,3,"No rho-adjustment","Two year updates",2
"127",0.682763399008959,1.24818298516484,2035,6,3,"No rho-adjustment","Two year updates",2
"128",0.682763399008959,1.24818298516484,2036,6,3,"No rho-adjustment","Two year updates",2
"129",0.692458050132015,1.08442712472527,2037,6,3,"No rho-adjustment","Two year updates",2
"130",0.692458050132015,1.08442712472527,2038,6,3,"No rho-adjustment","Two year updates",2
"131",0.684862784385909,1.11888878241758,2039,6,3,"No rho-adjustment","Two year updates",2
"132",0.684862784385909,1.11888878241758,2040,6,3,"No rho-adjustment","Two year updates",2
"133",0.179212796530842,1.78772217309783,2019,7,3,"No rho-adjustment","Two year updates",3
"134",0.179212796530842,1.78772217309783,2020,7,3,"No rho-adjustment","Two year updates",3
"135",0.234024935270387,0.817154310326087,2021,7,3,"No rho-adjustment","Two year updates",3
"136",0.234024935270387,0.817154310326087,2022,7,3,"No rho-adjustment","Two year updates",3
"137",0.325784562087192,0.944053371195652,2023,7,3,"No rho-adjustment","Two year updates",3
"138",0.325784562087192,0.944053371195652,2024,7,3,"No rho-adjustment","Two year updates",3
"139",0.403069151942851,1.11088067038043,2025,7,3,"No rho-adjustment","Two year updates",3
"140",0.403069151942851,1.11088067038043,2026,7,3,"No rho-adjustment","Two year updates",3
"141",0.499081752463761,1.24152163777174,2027,7,3,"No rho-adjustment","Two year updates",3
"142",0.499081752463761,1.24152163777174,2028,7,3,"No rho-adjustment","Two year updates",3
"143",0.679289605439205,1.19689104130435,2029,7,3,"No rho-adjustment","Two year updates",3
"144",0.679289605439205,1.19689104130435,2030,7,3,"No rho-adjustment","Two year updates",3
"145",0.778726407249605,1.15913182744565,2031,7,3,"No rho-adjustment","Two year updates",3
"146",0.778726407249605,1.15913182744565,2032,7,3,"No rho-adjustment","Two year updates",3
"147",0.78739219485285,1.14333758315217,2033,7,3,"No rho-adjustment","Two year updates",3
"148",0.78739219485285,1.14333758315217,2034,7,3,"No rho-adjustment","Two year updates",3
"149",0.769989595070399,1.10589327146739,2035,7,3,"No rho-adjustment","Two year updates",3
"150",0.769989595070399,1.10589327146739,2036,7,3,"No rho-adjustment","Two year updates",3
"151",0.756780462536067,1.18297435796703,2037,7,3,"No rho-adjustment","Two year updates",3
"152",0.756780462536067,1.18297435796703,2038,7,3,"No rho-adjustment","Two year updates",3
"153",0.729282720265187,1.16078448214286,2039,7,3,"No rho-adjustment","Two year updates",3
"154",0.729282720265187,1.16078448214286,2040,7,3,"No rho-adjustment","Two year updates",3
"155",0.178876357094218,1.79003670407609,2019,8,3,"No rho-adjustment","Two year updates",4
"156",0.178876357094218,1.79003670407609,2020,8,3,"No rho-adjustment","Two year updates",4
"157",0.236640426049696,0.632164485326087,2021,8,3,"No rho-adjustment","Two year updates",4
"158",0.236640426049696,0.632164485326087,2022,8,3,"No rho-adjustment","Two year updates",4
"159",0.373427322965897,0.447549312472826,2023,8,3,"No rho-adjustment","Two year updates",4
"160",0.373427322965897,0.447549312472826,2024,8,3,"No rho-adjustment","Two year updates",4
"161",0.53235719151342,0.332848549038462,2025,8,3,"No rho-adjustment","Two year updates",4
"162",0.53235719151342,0.332848549038462,2026,8,3,"No rho-adjustment","Two year updates",4
"163",0.777694120224309,0.344801007692308,2027,8,3,"No rho-adjustment","Two year updates",4
"164",0.777694120224309,0.344801007692308,2028,8,3,"No rho-adjustment","Two year updates",4
"165",1.10474741123528,0.347773005247253,2029,8,3,"No rho-adjustment","Two year updates",4
"166",1.10474741123528,0.347773005247253,2030,8,3,"No rho-adjustment","Two year updates",4
"167",1.30645644098033,0.408723175384615,2031,8,3,"No rho-adjustment","Two year updates",4
"168",1.30645644098033,0.408723175384615,2032,8,3,"No rho-adjustment","Two year updates",4
"169",1.32869328882774,0.560022932967033,2033,8,3,"No rho-adjustment","Two year updates",4
"170",1.32869328882774,0.560022932967033,2034,8,3,"No rho-adjustment","Two year updates",4
"171",1.152062674014,0.871889325824176,2035,8,3,"No rho-adjustment","Two year updates",4
"172",1.152062674014,0.871889325824176,2036,8,3,"No rho-adjustment","Two year updates",4
"173",0.933576897727904,1.31298322994506,2037,8,3,"No rho-adjustment","Two year updates",4
"174",0.933576897727904,1.31298322994506,2038,8,3,"No rho-adjustment","Two year updates",4
"175",0.735012590251339,1.65421144038462,2039,8,3,"No rho-adjustment","Two year updates",4
"176",0.735012590251339,1.65421144038462,2040,8,3,"No rho-adjustment","Two year updates",4
"177",0.107942867528465,2.26139623021978,2019,9,4,"No rho-adjustment","Two year updates",1
"178",0.107942867528465,2.26139623021978,2020,9,4,"No rho-adjustment","Two year updates",1
"179",0.189518597436643,0.163446005769231,2021,9,4,"No rho-adjustment","Two year updates",1
"180",0.189518597436643,0.163446005769231,2022,9,4,"No rho-adjustment","Two year updates",1
"181",0.386146657109829,0.160260485686813,2023,9,4,"No rho-adjustment","Two year updates",1
"182",0.386146657109829,0.160260485686813,2024,9,4,"No rho-adjustment","Two year updates",1
"183",0.638095361449625,0.275852881978022,2025,9,4,"No rho-adjustment","Two year updates",1
"184",0.638095361449625,0.275852881978022,2026,9,4,"No rho-adjustment","Two year updates",1
"185",0.868165107148147,0.534970428131868,2027,9,4,"No rho-adjustment","Two year updates",1
"186",0.868165107148147,0.534970428131868,2028,9,4,"No rho-adjustment","Two year updates",1
"187",1.16140915783198,0.705225112912088,2029,9,4,"No rho-adjustment","Two year updates",1
"188",1.16140915783198,0.705225112912088,2030,9,4,"No rho-adjustment","Two year updates",1
"189",1.43453211605817,0.742818800274725,2031,9,4,"No rho-adjustment","Two year updates",1
"190",1.43453211605817,0.742818800274725,2032,9,4,"No rho-adjustment","Two year updates",1
"191",1.52937138461288,0.747172409340659,2033,9,4,"No rho-adjustment","Two year updates",1
"192",1.52937138461288,0.747172409340659,2034,9,4,"No rho-adjustment","Two year updates",1
"193",1.41418621212602,0.787675821428571,2035,9,4,"No rho-adjustment","Two year updates",1
"194",1.41418621212602,0.787675821428571,2036,9,4,"No rho-adjustment","Two year updates",1
"195",1.19805188906837,0.797331266208791,2037,9,4,"No rho-adjustment","Two year updates",1
"196",1.19805188906837,0.797331266208791,2038,9,4,"No rho-adjustment","Two year updates",1
"197",0.998073707390007,0.803073869505495,2039,9,4,"No rho-adjustment","Two year updates",1
"198",0.998073707390007,0.803073869505495,2040,9,4,"No rho-adjustment","Two year updates",1
"199",0.106811663089928,2.30803470989011,2019,10,4,"No rho-adjustment","Two year updates",2
"200",0.106811663089928,2.30803470989011,2020,10,4,"No rho-adjustment","Two year updates",2
"201",0.187375058209053,0.237478410247253,2021,10,4,"No rho-adjustment","Two year updates",2
"202",0.187375058209053,0.237478410247253,2022,10,4,"No rho-adjustment","Two year updates",2
"203",0.379344239715733,0.206410114038462,2023,10,4,"No rho-adjustment","Two year updates",2
"204",0.379344239715733,0.206410114038462,2024,10,4,"No rho-adjustment","Two year updates",2
"205",0.636763434350403,0.307846927335165,2025,10,4,"No rho-adjustment","Two year updates",2
"206",0.636763434350403,0.307846927335165,2026,10,4,"No rho-adjustment","Two year updates",2
"207",0.867599753996583,0.539319206868132,2027,10,4,"No rho-adjustment","Two year updates",2
"208",0.867599753996583,0.539319206868132,2028,10,4,"No rho-adjustment","Two year updates",2
"209",1.14440172790101,0.711070360714286,2029,10,4,"No rho-adjustment","Two year updates",2
"210",1.14440172790101,0.711070360714286,2030,10,4,"No rho-adjustment","Two year updates",2
"211",1.4243472011741,0.75763665989011,2031,10,4,"No rho-adjustment","Two year updates",2
"212",1.4243472011741,0.75763665989011,2032,10,4,"No rho-adjustment","Two year updates",2
"213",1.49963129483752,0.775165542032967,2033,10,4,"No rho-adjustment","Two year updates",2
"214",1.49963129483752,0.775165542032967,2034,10,4,"No rho-adjustment","Two year updates",2
"215",1.37134741712263,0.779440109340659,2035,10,4,"No rho-adjustment","Two year updates",2
"216",1.37134741712263,0.779440109340659,2036,10,4,"No rho-adjustment","Two year updates",2
"217",1.19319089057743,0.829422494505495,2037,10,4,"No rho-adjustment","Two year updates",2
"218",1.19319089057743,0.829422494505495,2038,10,4,"No rho-adjustment","Two year updates",2
"219",0.981518786253395,0.826236398076923,2039,10,4,"No rho-adjustment","Two year updates",2
"220",0.981518786253395,0.826236398076923,2040,10,4,"No rho-adjustment","Two year updates",2
"221",0.107897422822431,2.28632841593407,2019,11,4,"No rho-adjustment","Two year updates",3
"222",0.107897422822431,2.28632841593407,2020,11,4,"No rho-adjustment","Two year updates",3
"223",0.190164760989188,0.672221610989011,2021,11,4,"No rho-adjustment","Two year updates",3
"224",0.190164760989188,0.672221610989011,2022,11,4,"No rho-adjustment","Two year updates",3
"225",0.34735518179803,0.656379227472527,2023,11,4,"No rho-adjustment","Two year updates",3
"226",0.34735518179803,0.656379227472527,2024,11,4,"No rho-adjustment","Two year updates",3
"227",0.51698836826254,0.697052798901099,2025,11,4,"No rho-adjustment","Two year updates",3
"228",0.51698836826254,0.697052798901099,2026,11,4,"No rho-adjustment","Two year updates",3
"229",0.709558695274367,0.695894068681319,2027,11,4,"No rho-adjustment","Two year updates",3
"230",0.709558695274367,0.695894068681319,2028,11,4,"No rho-adjustment","Two year updates",3
"231",1.01711994991443,0.683156818681319,2029,11,4,"No rho-adjustment","Two year updates",3
"232",1.01711994991443,0.683156818681319,2030,11,4,"No rho-adjustment","Two year updates",3
"233",1.34247705240047,0.694124411538461,2031,11,4,"No rho-adjustment","Two year updates",3
"234",1.34247705240047,0.694124411538461,2032,11,4,"No rho-adjustment","Two year updates",3
"235",1.48998607785482,0.732004625274725,2033,11,4,"No rho-adjustment","Two year updates",3
"236",1.48998607785482,0.732004625274725,2034,11,4,"No rho-adjustment","Two year updates",3
"237",1.4147735762013,0.752334824175824,2035,11,4,"No rho-adjustment","Two year updates",3
"238",1.4147735762013,0.752334824175824,2036,11,4,"No rho-adjustment","Two year updates",3
"239",1.22152635370866,0.773482336813187,2037,11,4,"No rho-adjustment","Two year updates",3
"240",1.22152635370866,0.773482336813187,2038,11,4,"No rho-adjustment","Two year updates",3
"241",1.03204615641047,0.797564274725275,2039,11,4,"No rho-adjustment","Two year updates",3
"242",1.03204615641047,0.797564274725275,2040,11,4,"No rho-adjustment","Two year updates",3
"243",0.10731575826093,2.29458855412088,2019,12,4,"No rho-adjustment","Two year updates",4
"244",0.10731575826093,2.29458855412088,2020,12,4,"No rho-adjustment","Two year updates",4
"245",0.187165887697724,0.964355283791209,2021,12,4,"No rho-adjustment","Two year updates",4
"246",0.187165887697724,0.964355283791209,2022,12,4,"No rho-adjustment","Two year updates",4
"247",0.326503192477992,0.757044670054945,2023,12,4,"No rho-adjustment","Two year updates",4
"248",0.326503192477992,0.757044670054945,2024,12,4,"No rho-adjustment","Two year updates",4
"249",0.52538701595782,0.341846465192308,2025,12,4,"No rho-adjustment","Two year updates",4
"250",0.52538701595782,0.341846465192308,2026,12,4,"No rho-adjustment","Two year updates",4
"251",0.796339529524651,0.292031961428571,2027,12,4,"No rho-adjustment","Two year updates",4
"252",0.796339529524651,0.292031961428571,2028,12,4,"No rho-adjustment","Two year updates",4
"253",1.19758751974813,0.273075634532967,2029,12,4,"No rho-adjustment","Two year updates",4
"254",1.19758751974813,0.273075634532967,2030,12,4,"No rho-adjustment","Two year updates",4
"255",1.71504069133033,0.27764718478022,2031,12,4,"No rho-adjustment","Two year updates",4
"256",1.71504069133033,0.27764718478022,2032,12,4,"No rho-adjustment","Two year updates",4
"257",2.03159778277791,0.320759523791209,2033,12,4,"No rho-adjustment","Two year updates",4
"258",2.03159778277791,0.320759523791209,2034,12,4,"No rho-adjustment","Two year updates",4
"259",2.00050723144696,0.411497294093407,2035,12,4,"No rho-adjustment","Two year updates",4
"260",2.00050723144696,0.411497294093407,2036,12,4,"No rho-adjustment","Two year updates",4
"261",1.74734258451151,0.593404902197802,2037,12,4,"No rho-adjustment","Two year updates",4
"262",1.74734258451151,0.593404902197802,2038,12,4,"No rho-adjustment","Two year updates",4
"263",1.3857628178944,0.711704341483517,2039,12,4,"No rho-adjustment","Two year updates",4
"264",1.3857628178944,0.711704341483517,2040,12,4,"No rho-adjustment","Two year updates",4
"265",0.183124694888905,1.74343471141304,2019,13,5,"No rho-adjustment","Two year updates",1
"266",0.183124694888905,1.74343471141304,2020,13,5,"No rho-adjustment","Two year updates",1
"267",0.246439143192301,0.31882945795082,2021,13,5,"No rho-adjustment","Two year updates",1
"268",0.246439143192301,0.31882945795082,2022,13,5,"No rho-adjustment","Two year updates",1
"269",0.394595433977619,0.32474248739011,2023,13,5,"No rho-adjustment","Two year updates",1
"270",0.394595433977619,0.32474248739011,2024,13,5,"No rho-adjustment","Two year updates",1
"271",0.535600510346602,0.480288928104396,2025,13,5,"No rho-adjustment","Two year updates",1
"272",0.535600510346602,0.480288928104396,2026,13,5,"No rho-adjustment","Two year updates",1
"273",0.672778483899872,0.833545016208791,2027,13,5,"No rho-adjustment","Two year updates",1
"274",0.672778483899872,0.833545016208791,2028,13,5,"No rho-adjustment","Two year updates",1
"275",0.722257355265363,1.50102521950549,2029,13,5,"No rho-adjustment","Two year updates",1
"276",0.722257355265363,1.50102521950549,2030,13,5,"No rho-adjustment","Two year updates",1
"277",0.652402590325447,2.1333655978022,2031,13,5,"No rho-adjustment","Two year updates",1
"278",0.652402590325447,2.1333655978022,2032,13,5,"No rho-adjustment","Two year updates",1
"279",0.60073485706523,1.853669475,2033,13,5,"No rho-adjustment","Two year updates",1
"280",0.60073485706523,1.853669475,2034,13,5,"No rho-adjustment","Two year updates",1
"281",0.556462353510693,1.31286988186813,2035,13,5,"No rho-adjustment","Two year updates",1
"282",0.556462353510693,1.31286988186813,2036,13,5,"No rho-adjustment","Two year updates",1
"283",0.527782916794031,1.12280821071429,2037,13,5,"No rho-adjustment","Two year updates",1
"284",0.527782916794031,1.12280821071429,2038,13,5,"No rho-adjustment","Two year updates",1
"285",0.536982772309384,1.06630515494505,2039,13,5,"No rho-adjustment","Two year updates",1
"286",0.536982772309384,1.06630515494505,2040,13,5,"No rho-adjustment","Two year updates",1
"287",0.183443078196165,1.70853920706522,2019,14,5,"No rho-adjustment","Two year updates",2
"288",0.183443078196165,1.70853920706522,2020,14,5,"No rho-adjustment","Two year updates",2
"289",0.247222982636324,0.413664562663044,2021,14,5,"No rho-adjustment","Two year updates",2
"290",0.247222982636324,0.413664562663044,2022,14,5,"No rho-adjustment","Two year updates",2
"291",0.382748198400192,0.395658396098901,2023,14,5,"No rho-adjustment","Two year updates",2
"292",0.382748198400192,0.395658396098901,2024,14,5,"No rho-adjustment","Two year updates",2
"293",0.503013803768732,0.526176565961539,2025,14,5,"No rho-adjustment","Two year updates",2
"294",0.503013803768732,0.526176565961539,2026,14,5,"No rho-adjustment","Two year updates",2
"295",0.633374434039713,0.898998727747253,2027,14,5,"No rho-adjustment","Two year updates",2
"296",0.633374434039713,0.898998727747253,2028,14,5,"No rho-adjustment","Two year updates",2
"297",0.71118253891589,1.48202253791209,2029,14,5,"No rho-adjustment","Two year updates",2
"298",0.71118253891589,1.48202253791209,2030,14,5,"No rho-adjustment","Two year updates",2
"299",0.691643098172719,1.94292463598901,2031,14,5,"No rho-adjustment","Two year updates",2
"300",0.691643098172719,1.94292463598901,2032,14,5,"No rho-adjustment","Two year updates",2
"301",0.63972050575068,1.7067654271978,2033,14,5,"No rho-adjustment","Two year updates",2
"302",0.63972050575068,1.7067654271978,2034,14,5,"No rho-adjustment","Two year updates",2
"303",0.576513649509298,1.35296106923077,2035,14,5,"No rho-adjustment","Two year updates",2
"304",0.576513649509298,1.35296106923077,2036,14,5,"No rho-adjustment","Two year updates",2
"305",0.524981608262039,1.20375493021978,2037,14,5,"No rho-adjustment","Two year updates",2
"306",0.524981608262039,1.20375493021978,2038,14,5,"No rho-adjustment","Two year updates",2
"307",0.526400900529397,1.19906100247253,2039,14,5,"No rho-adjustment","Two year updates",2
"308",0.526400900529397,1.19906100247253,2040,14,5,"No rho-adjustment","Two year updates",2
"309",0.181127767845903,1.74584642771739,2019,15,5,"No rho-adjustment","Two year updates",3
"310",0.181127767845903,1.74584642771739,2020,15,5,"No rho-adjustment","Two year updates",3
"311",0.241952691941292,0.817322077173913,2021,15,5,"No rho-adjustment","Two year updates",3
"312",0.241952691941292,0.817322077173913,2022,15,5,"No rho-adjustment","Two year updates",3
"313",0.322095846961451,0.949098303296703,2023,15,5,"No rho-adjustment","Two year updates",3
"314",0.322095846961451,0.949098303296703,2024,15,5,"No rho-adjustment","Two year updates",3
"315",0.372869702253332,1.19898003956044,2025,15,5,"No rho-adjustment","Two year updates",3
"316",0.372869702253332,1.19898003956044,2026,15,5,"No rho-adjustment","Two year updates",3
"317",0.460965038510894,1.34766472252747,2027,15,5,"No rho-adjustment","Two year updates",3
"318",0.460965038510894,1.34766472252747,2028,15,5,"No rho-adjustment","Two year updates",3
"319",0.624802225109721,1.31607326868132,2029,15,5,"No rho-adjustment","Two year updates",3
"320",0.624802225109721,1.31607326868132,2030,15,5,"No rho-adjustment","Two year updates",3
"321",0.755964521042429,1.17151357747253,2031,15,5,"No rho-adjustment","Two year updates",3
"322",0.755964521042429,1.17151357747253,2032,15,5,"No rho-adjustment","Two year updates",3
"323",0.778961814824063,1.14975294230769,2033,15,5,"No rho-adjustment","Two year updates",3
"324",0.778961814824063,1.14975294230769,2034,15,5,"No rho-adjustment","Two year updates",3
"325",0.703208094471493,1.22616930659341,2035,15,5,"No rho-adjustment","Two year updates",3
"326",0.703208094471493,1.22616930659341,2036,15,5,"No rho-adjustment","Two year updates",3
"327",0.589214716039886,1.3344147989011,2037,15,5,"No rho-adjustment","Two year updates",3
"328",0.589214716039886,1.3344147989011,2038,15,5,"No rho-adjustment","Two year updates",3
"329",0.550598891654775,1.28064499615385,2039,15,5,"No rho-adjustment","Two year updates",3
"330",0.550598891654775,1.28064499615385,2040,15,5,"No rho-adjustment","Two year updates",3
"331",0.183365581084834,1.71946739836957,2019,16,5,"No rho-adjustment","Two year updates",4
"332",0.183365581084834,1.71946739836957,2020,16,5,"No rho-adjustment","Two year updates",4
"333",0.246943488562631,0.60768328451087,2021,16,5,"No rho-adjustment","Two year updates",4
"334",0.246943488562631,0.60768328451087,2022,16,5,"No rho-adjustment","Two year updates",4
"335",0.369965744602516,0.455544878241758,2023,16,5,"No rho-adjustment","Two year updates",4
"336",0.369965744602516,0.455544878241758,2024,16,5,"No rho-adjustment","Two year updates",4
"337",0.513130248279733,0.353221013324176,2025,16,5,"No rho-adjustment","Two year updates",4
"338",0.513130248279733,0.353221013324176,2026,16,5,"No rho-adjustment","Two year updates",4
"339",0.745896202290078,0.387292896346154,2027,16,5,"No rho-adjustment","Two year updates",4
"340",0.745896202290078,0.387292896346154,2028,16,5,"No rho-adjustment","Two year updates",4
"341",1.01841879506665,0.438543133269231,2029,16,5,"No rho-adjustment","Two year updates",4
"342",1.01841879506665,0.438543133269231,2030,16,5,"No rho-adjustment","Two year updates",4
"343",1.2347537844427,0.561633957692308,2031,16,5,"No rho-adjustment","Two year updates",4
"344",1.2347537844427,0.561633957692308,2032,16,5,"No rho-adjustment","Two year updates",4
"345",1.14168296945907,0.892217329120879,2033,16,5,"No rho-adjustment","Two year updates",4
"346",1.14168296945907,0.892217329120879,2034,16,5,"No rho-adjustment","Two year updates",4
"347",0.841381244647349,1.46074575906593,2035,16,5,"No rho-adjustment","Two year updates",4
"348",0.841381244647349,1.46074575906593,2036,16,5,"No rho-adjustment","Two year updates",4
"349",0.597841739018235,1.96507197197802,2037,16,5,"No rho-adjustment","Two year updates",4
"350",0.597841739018235,1.96507197197802,2038,16,5,"No rho-adjustment","Two year updates",4
"351",0.507963179066682,1.79808198626374,2039,16,5,"No rho-adjustment","Two year updates",4
"352",0.507963179066682,1.79808198626374,2040,16,5,"No rho-adjustment","Two year updates",4
"353",0.181505245198291,1.73325292417582,2019,17,5,"Rho-adjustment","Two year updates",1
"354",0.181505245198291,1.73325292417582,2020,17,5,"Rho-adjustment","Two year updates",1
"355",0.244543737433054,0.321225925054945,2021,17,5,"Rho-adjustment","Two year updates",1
"356",0.244543737433054,0.321225925054945,2022,17,5,"Rho-adjustment","Two year updates",1
"357",0.394433531844153,0.326190241483516,2023,17,5,"Rho-adjustment","Two year updates",1
"358",0.394433531844153,0.326190241483516,2024,17,5,"Rho-adjustment","Two year updates",1
"359",0.531101800297911,0.372051092967033,2025,17,5,"Rho-adjustment","Two year updates",1
"360",0.531101800297911,0.372051092967033,2026,17,5,"Rho-adjustment","Two year updates",1
"361",0.727665351579213,0.543898359395604,2027,17,5,"Rho-adjustment","Two year updates",1
"362",0.727665351579213,0.543898359395604,2028,17,5,"Rho-adjustment","Two year updates",1
"363",0.918517005362706,0.770345915934066,2029,17,5,"Rho-adjustment","Two year updates",1
"364",0.918517005362706,0.770345915934066,2030,17,5,"Rho-adjustment","Two year updates",1
"365",0.943891723147818,0.943231099450549,2031,17,5,"Rho-adjustment","Two year updates",1
"366",0.943891723147818,0.943231099450549,2032,17,5,"Rho-adjustment","Two year updates",1
"367",0.941540485258509,0.856886212087912,2033,17,5,"Rho-adjustment","Two year updates",1
"368",0.941540485258509,0.856886212087912,2034,17,5,"Rho-adjustment","Two year updates",1
"369",0.866325024767877,0.726652290659341,2035,17,5,"Rho-adjustment","Two year updates",1
"370",0.866325024767877,0.726652290659341,2036,17,5,"Rho-adjustment","Two year updates",1
"371",0.786786057606239,0.709950328021978,2037,17,5,"Rho-adjustment","Two year updates",1
"372",0.786786057606239,0.709950328021978,2038,17,5,"Rho-adjustment","Two year updates",1
"373",0.743502362782498,0.729530728021978,2039,17,5,"Rho-adjustment","Two year updates",1
"374",0.743502362782498,0.729530728021978,2040,17,5,"Rho-adjustment","Two year updates",1
"375",0.178968430580486,1.78901788695652,2019,18,5,"Rho-adjustment","Two year updates",2
"376",0.178968430580486,1.78901788695652,2020,18,5,"Rho-adjustment","Two year updates",2
"377",0.238007086569948,0.398021634293478,2021,18,5,"Rho-adjustment","Two year updates",2
"378",0.238007086569948,0.398021634293478,2022,18,5,"Rho-adjustment","Two year updates",2
"379",0.378754939811878,0.376187403423913,2023,18,5,"Rho-adjustment","Two year updates",2
"380",0.378754939811878,0.376187403423913,2024,18,5,"Rho-adjustment","Two year updates",2
"381",0.523979691332904,0.407762104450549,2025,18,5,"Rho-adjustment","Two year updates",2
"382",0.523979691332904,0.407762104450549,2026,18,5,"Rho-adjustment","Two year updates",2
"383",0.708950829297396,0.560270487362637,2027,18,5,"Rho-adjustment","Two year updates",2
"384",0.708950829297396,0.560270487362637,2028,18,5,"Rho-adjustment","Two year updates",2
"385",0.882446341687277,0.794328502747253,2029,18,5,"Rho-adjustment","Two year updates",2
"386",0.882446341687277,0.794328502747253,2030,18,5,"Rho-adjustment","Two year updates",2
"387",0.955613742704651,0.927559973076923,2031,18,5,"Rho-adjustment","Two year updates",2
"388",0.955613742704651,0.927559973076923,2032,18,5,"Rho-adjustment","Two year updates",2
"389",0.922242454636172,0.901563468131868,2033,18,5,"Rho-adjustment","Two year updates",2
"390",0.922242454636172,0.901563468131868,2034,18,5,"Rho-adjustment","Two year updates",2
"391",0.853679677423278,0.771631991208791,2035,18,5,"Rho-adjustment","Two year updates",2
"392",0.853679677423278,0.771631991208791,2036,18,5,"Rho-adjustment","Two year updates",2
"393",0.786905045749837,0.742293776373626,2037,18,5,"Rho-adjustment","Two year updates",2
"394",0.786905045749837,0.742293776373626,2038,18,5,"Rho-adjustment","Two year updates",2
"395",0.755868001277401,0.808733314285714,2039,18,5,"Rho-adjustment","Two year updates",2
"396",0.755868001277401,0.808733314285714,2040,18,5,"Rho-adjustment","Two year updates",2
"397",0.180662483103264,1.73029324945055,2019,19,5,"Rho-adjustment","Two year updates",3
"398",0.180662483103264,1.73029324945055,2020,19,5,"Rho-adjustment","Two year updates",3
"399",0.240415731110621,0.840135946153846,2021,19,5,"Rho-adjustment","Two year updates",3
"400",0.240415731110621,0.840135946153846,2022,19,5,"Rho-adjustment","Two year updates",3
"401",0.316606568585141,0.94993921978022,2023,19,5,"Rho-adjustment","Two year updates",3
"402",0.316606568585141,0.94993921978022,2024,19,5,"Rho-adjustment","Two year updates",3
"403",0.379901105882423,1.03415327307692,2025,19,5,"Rho-adjustment","Two year updates",3
"404",0.379901105882423,1.03415327307692,2026,19,5,"Rho-adjustment","Two year updates",3
"405",0.510608581006719,0.960649926923077,2027,19,5,"Rho-adjustment","Two year updates",3
"406",0.510608581006719,0.960649926923077,2028,19,5,"Rho-adjustment","Two year updates",3
"407",0.697441052467696,0.891197470879121,2029,19,5,"Rho-adjustment","Two year updates",3
"408",0.697441052467696,0.891197470879121,2030,19,5,"Rho-adjustment","Two year updates",3
"409",0.871035187036914,0.784117295604396,2031,19,5,"Rho-adjustment","Two year updates",3
"410",0.871035187036914,0.784117295604396,2032,19,5,"Rho-adjustment","Two year updates",3
"411",0.94011729664184,0.788293335164835,2033,19,5,"Rho-adjustment","Two year updates",3
"412",0.94011729664184,0.788293335164835,2034,19,5,"Rho-adjustment","Two year updates",3
"413",0.870975366184898,0.864126217582418,2035,19,5,"Rho-adjustment","Two year updates",3
"414",0.870975366184898,0.864126217582418,2036,19,5,"Rho-adjustment","Two year updates",3
"415",0.743612341115252,0.929536565934066,2037,19,5,"Rho-adjustment","Two year updates",3
"416",0.743612341115252,0.929536565934066,2038,19,5,"Rho-adjustment","Two year updates",3
"417",0.706553666434361,0.877457927472527,2039,19,5,"Rho-adjustment","Two year updates",3
"418",0.706553666434361,0.877457927472527,2040,19,5,"Rho-adjustment","Two year updates",3
"419",0.181641811833741,1.73405404532967,2019,20,5,"Rho-adjustment","Two year updates",4
"420",0.181641811833741,1.73405404532967,2020,20,5,"Rho-adjustment","Two year updates",4
"421",0.241872580252017,0.626493483791209,2021,20,5,"Rho-adjustment","Two year updates",4
"422",0.241872580252017,0.626493483791209,2022,20,5,"Rho-adjustment","Two year updates",4
"423",0.365646660869326,0.450947008186813,2023,20,5,"Rho-adjustment","Two year updates",4
"424",0.365646660869326,0.450947008186813,2024,20,5,"Rho-adjustment","Two year updates",4
"425",0.50432202355858,0.305913587884615,2025,20,5,"Rho-adjustment","Two year updates",4
"426",0.50432202355858,0.305913587884615,2026,20,5,"Rho-adjustment","Two year updates",4
"427",0.759005058901401,0.301664407252747,2027,20,5,"Rho-adjustment","Two year updates",4
"428",0.759005058901401,0.301664407252747,2028,20,5,"Rho-adjustment","Two year updates",4
"429",1.08796636792105,0.294558882527473,2029,20,5,"Rho-adjustment","Two year updates",4
"430",1.08796636792105,0.294558882527473,2030,20,5,"Rho-adjustment","Two year updates",4
"431",1.32655773843047,0.340607320961538,2031,20,5,"Rho-adjustment","Two year updates",4
"432",1.32655773843047,0.340607320961538,2032,20,5,"Rho-adjustment","Two year updates",4
"433",1.42287441468051,0.435087691071429,2033,20,5,"Rho-adjustment","Two year updates",4
"434",1.42287441468051,0.435087691071429,2034,20,5,"Rho-adjustment","Two year updates",4
"435",1.27332557324133,0.630580875824176,2035,20,5,"Rho-adjustment","Two year updates",4
"436",1.27332557324133,0.630580875824176,2036,20,5,"Rho-adjustment","Two year updates",4
"437",0.933994188738337,0.912061201648352,2037,20,5,"Rho-adjustment","Two year updates",4
"438",0.933994188738337,0.912061201648352,2038,20,5,"Rho-adjustment","Two year updates",4
"439",0.748770568311148,1.061662275,2039,20,5,"Rho-adjustment","Two year updates",4
"440",0.748770568311148,1.061662275,2040,20,5,"Rho-adjustment","Two year updates",4
"441",0.18231684624392,1.70442539021739,2019,21,5,"No rho-adjustment","Annual updates",1
"442",0.190292356806684,0.875342188186813,2020,21,5,"No rho-adjustment","Annual updates",1
"443",0.243734509353955,0.324230527335165,2021,21,5,"No rho-adjustment","Annual updates",1
"444",0.321992421267467,0.375267625961538,2022,21,5,"No rho-adjustment","Annual updates",1
"445",0.389096679612153,0.455438748214286,2023,21,5,"No rho-adjustment","Annual updates",1
"446",0.477251713599937,0.60201716043956,2024,21,5,"No rho-adjustment","Annual updates",1
"447",0.498174706397145,0.771102301648352,2025,21,5,"No rho-adjustment","Annual updates",1
"448",0.534054650046981,0.998412675824176,2026,21,5,"No rho-adjustment","Annual updates",1
"449",0.583586964685925,1.09559588983516,2027,21,5,"No rho-adjustment","Annual updates",1
"450",0.638134737308889,1.16522893434066,2028,21,5,"No rho-adjustment","Annual updates",1
"451",0.692162103003574,1.1098385010989,2029,21,5,"No rho-adjustment","Annual updates",1
"452",0.743462173259671,1.11325486153846,2030,21,5,"No rho-adjustment","Annual updates",1
"453",0.790088703601298,1.04366545467033,2031,21,5,"No rho-adjustment","Annual updates",1
"454",0.829063186234449,1.0291931282967,2032,21,5,"No rho-adjustment","Annual updates",1
"455",0.819922968276681,1.03807242692308,2033,21,5,"No rho-adjustment","Annual updates",1
"456",0.820448674625044,1.06062896868132,2034,21,5,"No rho-adjustment","Annual updates",1
"457",0.746633487096798,1.05796926840659,2035,21,5,"No rho-adjustment","Annual updates",1
"458",0.719187437460107,1.07109212142857,2036,21,5,"No rho-adjustment","Annual updates",1
"459",0.653803978235071,1.04766090576923,2037,21,5,"No rho-adjustment","Annual updates",1
"460",0.609830541315976,1.02852045,2038,21,5,"No rho-adjustment","Annual updates",1
"461",0.629658176292982,1.03957586703297,2039,21,5,"No rho-adjustment","Annual updates",1
"462",0.652223641017936,0.996188803021978,2040,21,5,"No rho-adjustment","Annual updates",1
"463",0.184737722717031,1.70438412717391,2019,22,5,"No rho-adjustment","Annual updates",2
"464",0.196034813072957,0.856862931521739,2020,22,5,"No rho-adjustment","Annual updates",2
"465",0.248201567390645,0.415718159184783,2021,22,5,"No rho-adjustment","Annual updates",2
"466",0.322115735408852,0.469123319175824,2022,22,5,"No rho-adjustment","Annual updates",2
"467",0.382186844722856,0.548436289450549,2023,22,5,"No rho-adjustment","Annual updates",2
"468",0.458674020744635,0.676903737362637,2024,22,5,"No rho-adjustment","Annual updates",2
"469",0.471725624270197,0.842700960989011,2025,22,5,"No rho-adjustment","Annual updates",2
"470",0.510927622201573,1.07366976098901,2026,22,5,"No rho-adjustment","Annual updates",2
"471",0.551625382925612,1.12083573461538,2027,22,5,"No rho-adjustment","Annual updates",2
"472",0.616143807266484,1.22985023736264,2028,22,5,"No rho-adjustment","Annual updates",2
"473",0.667551303474493,1.20963420989011,2029,22,5,"No rho-adjustment","Annual updates",2
"474",0.730690762086371,1.11645440604396,2030,22,5,"No rho-adjustment","Annual updates",2
"475",0.78694264141324,1.14759082087912,2031,22,5,"No rho-adjustment","Annual updates",2
"476",0.806926749486538,1.13125277967033,2032,22,5,"No rho-adjustment","Annual updates",2
"477",0.810517216575228,1.09582615384615,2033,22,5,"No rho-adjustment","Annual updates",2
"478",0.79515578885131,1.10021900934066,2034,22,5,"No rho-adjustment","Annual updates",2
"479",0.737160655481139,1.08970480879121,2035,22,5,"No rho-adjustment","Annual updates",2
"480",0.709448762616441,1.09448573736264,2036,22,5,"No rho-adjustment","Annual updates",2
"481",0.645796125080508,1.11211424505495,2037,22,5,"No rho-adjustment","Annual updates",2
"482",0.6082257783903,1.07179691043956,2038,22,5,"No rho-adjustment","Annual updates",2
"483",0.607582153912864,1.08363780494506,2039,22,5,"No rho-adjustment","Annual updates",2
"484",0.635618641498834,1.06652361758242,2040,22,5,"No rho-adjustment","Annual updates",2
"485",0.180066135252141,1.75086057362637,2019,23,5,"No rho-adjustment","Annual updates",3
"486",0.19015341971766,0.887249499725275,2020,23,5,"No rho-adjustment","Annual updates",3
"487",0.237666657821079,0.835141220604396,2021,23,5,"No rho-adjustment","Annual updates",3
"488",0.289135714523363,0.932506944230769,2022,23,5,"No rho-adjustment","Annual updates",3
"489",0.323013292261392,0.913406283791209,2023,23,5,"No rho-adjustment","Annual updates",3
"490",0.371096560344698,0.985978419230769,2024,23,5,"No rho-adjustment","Annual updates",3
"491",0.379564551738144,1.0066928489011,2025,23,5,"No rho-adjustment","Annual updates",3
"492",0.441076848653882,1.00954905576923,2026,23,5,"No rho-adjustment","Annual updates",3
"493",0.497239081974594,1.01238412994505,2027,23,5,"No rho-adjustment","Annual updates",3
"494",0.614222058847137,0.969389255769231,2028,23,5,"No rho-adjustment","Annual updates",3
"495",0.695702852570018,0.938959002197802,2029,23,5,"No rho-adjustment","Annual updates",3
"496",0.787897335342356,0.952534973076923,2030,23,5,"No rho-adjustment","Annual updates",3
"497",0.854517724516424,0.961733183241758,2031,23,5,"No rho-adjustment","Annual updates",3
"498",0.883324269403045,0.977565137637363,2032,23,5,"No rho-adjustment","Annual updates",3
"499",0.873761704366274,0.983627475824176,2033,23,5,"No rho-adjustment","Annual updates",3
"500",0.862049052127258,1.01036636950549,2034,23,5,"No rho-adjustment","Annual updates",3
"501",0.793380462218136,1.0181818978022,2035,23,5,"No rho-adjustment","Annual updates",3
"502",0.767413685609237,1.03994527747253,2036,23,5,"No rho-adjustment","Annual updates",3
"503",0.712338302906295,0.996086158516484,2037,23,5,"No rho-adjustment","Annual updates",3
"504",0.644599838176686,1.0023738206044,2038,23,5,"No rho-adjustment","Annual updates",3
"505",0.661107544220099,0.979580428021978,2039,23,5,"No rho-adjustment","Annual updates",3
"506",0.698953349678867,0.934405593131868,2040,23,5,"No rho-adjustment","Annual updates",3
"507",0.1778174144011,1.79048299945055,2019,24,5,"No rho-adjustment","Annual updates",4
"508",0.188476218196226,0.892857347802198,2020,24,5,"No rho-adjustment","Annual updates",4
"509",0.24270401966573,0.623703968406593,2021,24,5,"No rho-adjustment","Annual updates",4
"510",0.306553803385507,0.46415527021978,2022,24,5,"No rho-adjustment","Annual updates",4
"511",0.37167962544007,0.388931640576923,2023,24,5,"No rho-adjustment","Annual updates",4
"512",0.4567537235976,0.375154003434066,2024,24,5,"No rho-adjustment","Annual updates",4
"513",0.507687043421766,0.384066702692308,2025,24,5,"No rho-adjustment","Annual updates",4
"514",0.609579648539637,0.402822872802198,2026,24,5,"No rho-adjustment","Annual updates",4
"515",0.718077781169405,0.418425221868132,2027,24,5,"No rho-adjustment","Annual updates",4
"516",0.90965644329616,0.436503663791209,2028,24,5,"No rho-adjustment","Annual updates",4
"517",1.00775184458268,0.486954865384615,2029,24,5,"No rho-adjustment","Annual updates",4
"518",1.11875674085839,0.560036655494506,2030,24,5,"No rho-adjustment","Annual updates",4
"519",1.18823610017095,0.697105493406593,2031,24,5,"No rho-adjustment","Annual updates",4
"520",1.16716125420826,0.827105034065934,2032,24,5,"No rho-adjustment","Annual updates",4
"521",1.08076585811324,0.948124278296703,2033,24,5,"No rho-adjustment","Annual updates",4
"522",1.004339766546,1.0935548010989,2034,24,5,"No rho-adjustment","Annual updates",4
"523",0.869185041492917,1.27303722692308,2035,24,5,"No rho-adjustment","Annual updates",4
"524",0.763394199740944,1.27968277252747,2036,24,5,"No rho-adjustment","Annual updates",4
"525",0.653787434749672,1.25221713379121,2037,24,5,"No rho-adjustment","Annual updates",4
"526",0.59965194671978,1.15261381483516,2038,24,5,"No rho-adjustment","Annual updates",4
"527",0.610698889154003,1.03852087912088,2039,24,5,"No rho-adjustment","Annual updates",4
"528",0.639591079099668,0.941803133241758,2040,24,5,"No rho-adjustment","Annual updates",4
"529",2.46491042131838,0.168720321781915,2019,25,2,"No rho-adjustment","Two year updates",1
"530",2.46491042131838,0.168720321781915,2020,25,2,"No rho-adjustment","Two year updates",1
"531",3.35974035521669,0.92246665772293,2021,25,2,"No rho-adjustment","Two year updates",1
"532",3.35974035521669,0.92246665772293,2022,25,2,"No rho-adjustment","Two year updates",1
"533",1.67575488647018,0.959825042197452,2023,25,2,"No rho-adjustment","Two year updates",1
"534",1.67575488647018,0.959825042197452,2024,25,2,"No rho-adjustment","Two year updates",1
"535",1.20272425401701,0.747973411624204,2025,25,2,"No rho-adjustment","Two year updates",1
"536",1.20272425401701,0.747973411624204,2026,25,2,"No rho-adjustment","Two year updates",1
"537",1.23085719093013,0.709280932643312,2027,25,2,"No rho-adjustment","Two year updates",1
"538",1.23085719093013,0.709280932643312,2028,25,2,"No rho-adjustment","Two year updates",1
"539",1.20826224994483,0.708923328821656,2029,25,2,"No rho-adjustment","Two year updates",1
"540",1.20826224994483,0.708923328821656,2030,25,2,"No rho-adjustment","Two year updates",1
"541",1.11066158399404,0.69261688089172,2031,25,2,"No rho-adjustment","Two year updates",1
"542",1.11066158399404,0.69261688089172,2032,25,2,"No rho-adjustment","Two year updates",1
"543",1.05618927800988,0.690279809474522,2033,25,2,"No rho-adjustment","Two year updates",1
"544",1.05618927800988,0.690279809474522,2034,25,2,"No rho-adjustment","Two year updates",1
"545",0.949768590157306,0.686871676433121,2035,25,2,"No rho-adjustment","Two year updates",1
"546",0.949768590157306,0.686871676433121,2036,25,2,"No rho-adjustment","Two year updates",1
"547",1.14650516702359,0.6956661375,2037,25,2,"No rho-adjustment","Two year updates",1
"548",1.14650516702359,0.6956661375,2038,25,2,"No rho-adjustment","Two year updates",1
"549",1.15167218106102,0.690292853742038,2039,25,2,"No rho-adjustment","Two year updates",1
"550",1.15167218106102,0.690292853742038,2040,25,2,"No rho-adjustment","Two year updates",1
"551",2.46746634297523,0.169423757712766,2019,26,2,"No rho-adjustment","Two year updates",2
"552",2.46746634297523,0.169423757712766,2020,26,2,"No rho-adjustment","Two year updates",2
"553",3.32789493428243,0.927063091719745,2021,26,2,"No rho-adjustment","Two year updates",2
"554",3.32789493428243,0.927063091719745,2022,26,2,"No rho-adjustment","Two year updates",2
"555",1.65136873876204,0.974668384633758,2023,26,2,"No rho-adjustment","Two year updates",2
"556",1.65136873876204,0.974668384633758,2024,26,2,"No rho-adjustment","Two year updates",2
"557",1.24206287205199,0.710449110429936,2025,26,2,"No rho-adjustment","Two year updates",2
"558",1.24206287205199,0.710449110429936,2026,26,2,"No rho-adjustment","Two year updates",2
"559",1.30413755073348,0.679180410429936,2027,26,2,"No rho-adjustment","Two year updates",2
"560",1.30413755073348,0.679180410429936,2028,26,2,"No rho-adjustment","Two year updates",2
"561",1.19467965346576,0.67088863089172,2029,26,2,"No rho-adjustment","Two year updates",2
"562",1.19467965346576,0.67088863089172,2030,26,2,"No rho-adjustment","Two year updates",2
"563",1.06097657095277,0.665500314410828,2031,26,2,"No rho-adjustment","Two year updates",2
"564",1.06097657095277,0.665500314410828,2032,26,2,"No rho-adjustment","Two year updates",2
"565",1.05299408419013,0.656888950318471,2033,26,2,"No rho-adjustment","Two year updates",2
"566",1.05299408419013,0.656888950318471,2034,26,2,"No rho-adjustment","Two year updates",2
"567",0.956209535832913,0.663793901512739,2035,26,2,"No rho-adjustment","Two year updates",2
"568",0.956209535832913,0.663793901512739,2036,26,2,"No rho-adjustment","Two year updates",2
"569",1.1040482290082,0.664853509633758,2037,26,2,"No rho-adjustment","Two year updates",2
"570",1.1040482290082,0.664853509633758,2038,26,2,"No rho-adjustment","Two year updates",2
"571",1.11102519527432,0.649047834315287,2039,26,2,"No rho-adjustment","Two year updates",2
"572",1.11102519527432,0.649047834315287,2040,26,2,"No rho-adjustment","Two year updates",2
"573",2.46571519653228,0.168564431728723,2019,27,2,"No rho-adjustment","Two year updates",3
"574",2.46571519653228,0.168564431728723,2020,27,2,"No rho-adjustment","Two year updates",3
"575",3.32967495747777,0.925502551910828,2021,27,2,"No rho-adjustment","Two year updates",3
"576",3.32967495747777,0.925502551910828,2022,27,2,"No rho-adjustment","Two year updates",3
"577",1.66362079586737,0.972132149522293,2023,27,2,"No rho-adjustment","Two year updates",3
"578",1.66362079586737,0.972132149522293,2024,27,2,"No rho-adjustment","Two year updates",3
"579",1.22976124567521,0.738662111226115,2025,27,2,"No rho-adjustment","Two year updates",3
"580",1.22976124567521,0.738662111226115,2026,27,2,"No rho-adjustment","Two year updates",3
"581",1.31732849300612,0.698005356449044,2027,27,2,"No rho-adjustment","Two year updates",3
"582",1.31732849300612,0.698005356449044,2028,27,2,"No rho-adjustment","Two year updates",3
"583",1.23486942966623,0.699124379617834,2029,27,2,"No rho-adjustment","Two year updates",3
"584",1.23486942966623,0.699124379617834,2030,27,2,"No rho-adjustment","Two year updates",3
"585",1.11689718854811,0.695279025,2031,27,2,"No rho-adjustment","Two year updates",3
"586",1.11689718854811,0.695279025,2032,27,2,"No rho-adjustment","Two year updates",3
"587",0.991059217606794,0.690194783121019,2033,27,2,"No rho-adjustment","Two year updates",3
"588",0.991059217606794,0.690194783121019,2034,27,2,"No rho-adjustment","Two year updates",3
"589",0.895288319976702,0.696764321656051,2035,27,2,"No rho-adjustment","Two year updates",3
"590",0.895288319976702,0.696764321656051,2036,27,2,"No rho-adjustment","Two year updates",3
"591",1.06014449194561,0.692665558280255,2037,27,2,"No rho-adjustment","Two year updates",3
"592",1.06014449194561,0.692665558280255,2038,27,2,"No rho-adjustment","Two year updates",3
"593",1.08096947111609,0.704756083041401,2039,27,2,"No rho-adjustment","Two year updates",3
"594",1.08096947111609,0.704756083041401,2040,27,2,"No rho-adjustment","Two year updates",3
"595",2.47408525239449,0.16920886643617,2019,28,2,"No rho-adjustment","Two year updates",4
"596",2.47408525239449,0.16920886643617,2020,28,2,"No rho-adjustment","Two year updates",4
"597",3.35446791230502,0.0361213902229299,2021,28,2,"No rho-adjustment","Two year updates",4
"598",3.35446791230502,0.0361213902229299,2022,28,2,"No rho-adjustment","Two year updates",4
"599",2.96678476723129,0.0309446294904459,2023,28,2,"No rho-adjustment","Two year updates",4
"600",2.96678476723129,0.0309446294904459,2024,28,2,"No rho-adjustment","Two year updates",4
"601",2.53091370748255,0.0546984474363057,2025,28,2,"No rho-adjustment","Two year updates",4
"602",2.53091370748255,0.0546984474363057,2026,28,2,"No rho-adjustment","Two year updates",4
"603",2.56587377113696,0.0861860604697452,2027,28,2,"No rho-adjustment","Two year updates",4
"604",2.56587377113696,0.0861860604697452,2028,28,2,"No rho-adjustment","Two year updates",4
"605",2.2463486883075,0.116497812324841,2029,28,2,"No rho-adjustment","Two year updates",4
"606",2.2463486883075,0.116497812324841,2030,28,2,"No rho-adjustment","Two year updates",4
"607",2.02307226116108,0.162343544904459,2031,28,2,"No rho-adjustment","Two year updates",4
"608",2.02307226116108,0.162343544904459,2032,28,2,"No rho-adjustment","Two year updates",4
"609",1.79161042427116,0.249732342515924,2033,28,2,"No rho-adjustment","Two year updates",4
"610",1.79161042427116,0.249732342515924,2034,28,2,"No rho-adjustment","Two year updates",4
"611",1.49025203207776,0.396322707324841,2035,28,2,"No rho-adjustment","Two year updates",4
"612",1.49025203207776,0.396322707324841,2036,28,2,"No rho-adjustment","Two year updates",4
"613",1.53987386302222,0.57214487794586,2037,28,2,"No rho-adjustment","Two year updates",4
"614",1.53987386302222,0.57214487794586,2038,28,2,"No rho-adjustment","Two year updates",4
"615",1.40555846646652,0.64730690183121,2039,28,2,"No rho-adjustment","Two year updates",4
"616",1.40555846646652,0.64730690183121,2040,28,2,"No rho-adjustment","Two year updates",4
"617",2.46521114503743,0.169523542579787,2019,29,6,"No rho-adjustment","Two year updates",1
"618",2.46521114503743,0.169523542579787,2020,29,6,"No rho-adjustment","Two year updates",1
"619",3.33936190578992,0.925505653901274,2021,29,6,"No rho-adjustment","Two year updates",1
"620",3.33936190578992,0.925505653901274,2022,29,6,"No rho-adjustment","Two year updates",1
"621",1.64629306994947,1.02425059992038,2023,29,6,"No rho-adjustment","Two year updates",1
"622",1.64629306994947,1.02425059992038,2024,29,6,"No rho-adjustment","Two year updates",1
"623",1.16363275690743,0.801401140605096,2025,29,6,"No rho-adjustment","Two year updates",1
"624",1.16363275690743,0.801401140605096,2026,29,6,"No rho-adjustment","Two year updates",1
"625",1.2230357463748,0.725273284156051,2027,29,6,"No rho-adjustment","Two year updates",1
"626",1.2230357463748,0.725273284156051,2028,29,6,"No rho-adjustment","Two year updates",1
"627",1.17486406626266,0.705897376910828,2029,29,6,"No rho-adjustment","Two year updates",1
"628",1.17486406626266,0.705897376910828,2030,29,6,"No rho-adjustment","Two year updates",1
"629",1.11793554105801,0.68999172205414,2031,29,6,"No rho-adjustment","Two year updates",1
"630",1.11793554105801,0.68999172205414,2032,29,6,"No rho-adjustment","Two year updates",1
"631",1.02313098021763,0.687462804458599,2033,29,6,"No rho-adjustment","Two year updates",1
"632",1.02313098021763,0.687462804458599,2034,29,6,"No rho-adjustment","Two year updates",1
"633",0.95625720890128,0.675052297452229,2035,29,6,"No rho-adjustment","Two year updates",1
"634",0.95625720890128,0.675052297452229,2036,29,6,"No rho-adjustment","Two year updates",1
"635",1.13308767908555,0.647427243152866,2037,29,6,"No rho-adjustment","Two year updates",1
"636",1.13308767908555,0.647427243152866,2038,29,6,"No rho-adjustment","Two year updates",1
"637",1.11420407296263,0.622020986942675,2039,29,6,"No rho-adjustment","Two year updates",1
"638",1.11420407296263,0.622020986942675,2040,29,6,"No rho-adjustment","Two year updates",1
"639",2.4624067364317,0.170609981648936,2019,30,6,"No rho-adjustment","Two year updates",2
"640",2.4624067364317,0.170609981648936,2020,30,6,"No rho-adjustment","Two year updates",2
"641",3.32569970816272,0.92274416656051,2021,30,6,"No rho-adjustment","Two year updates",2
"642",3.32569970816272,0.92274416656051,2022,30,6,"No rho-adjustment","Two year updates",2
"643",1.6197594610618,1.01598474984076,2023,30,6,"No rho-adjustment","Two year updates",2
"644",1.6197594610618,1.01598474984076,2024,30,6,"No rho-adjustment","Two year updates",2
"645",1.24814391781792,0.742630829617834,2025,30,6,"No rho-adjustment","Two year updates",2
"646",1.24814391781792,0.742630829617834,2026,30,6,"No rho-adjustment","Two year updates",2
"647",1.28861336907074,0.686678875796178,2027,30,6,"No rho-adjustment","Two year updates",2
"648",1.28861336907074,0.686678875796178,2028,30,6,"No rho-adjustment","Two year updates",2
"649",1.17077625606986,0.662573705732484,2029,30,6,"No rho-adjustment","Two year updates",2
"650",1.17077625606986,0.662573705732484,2030,30,6,"No rho-adjustment","Two year updates",2
"651",1.06977311123472,0.653205217356688,2031,30,6,"No rho-adjustment","Two year updates",2
"652",1.06977311123472,0.653205217356688,2032,30,6,"No rho-adjustment","Two year updates",2
"653",1.00931099623464,0.641813753980892,2033,30,6,"No rho-adjustment","Two year updates",2
"654",1.00931099623464,0.641813753980892,2034,30,6,"No rho-adjustment","Two year updates",2
"655",0.938839648596494,0.632851864968153,2035,30,6,"No rho-adjustment","Two year updates",2
"656",0.938839648596494,0.632851864968153,2036,30,6,"No rho-adjustment","Two year updates",2
"657",1.17817045293799,0.614313574681529,2037,30,6,"No rho-adjustment","Two year updates",2
"658",1.17817045293799,0.614313574681529,2038,30,6,"No rho-adjustment","Two year updates",2
"659",1.1392086642985,0.589357982006369,2039,30,6,"No rho-adjustment","Two year updates",2
"660",1.1392086642985,0.589357982006369,2040,30,6,"No rho-adjustment","Two year updates",2
"661",2.46391363436605,0.169316994015957,2019,31,6,"No rho-adjustment","Two year updates",3
"662",2.46391363436605,0.169316994015957,2020,31,6,"No rho-adjustment","Two year updates",3
"663",3.29649925811909,0.922944443789809,2021,31,6,"No rho-adjustment","Two year updates",3
"664",3.29649925811909,0.922944443789809,2022,31,6,"No rho-adjustment","Two year updates",3
"665",1.62700767066417,1.02000787237261,2023,31,6,"No rho-adjustment","Two year updates",3
"666",1.62700767066417,1.02000787237261,2024,31,6,"No rho-adjustment","Two year updates",3
"667",1.24334061437833,0.795333647292993,2025,31,6,"No rho-adjustment","Two year updates",3
"668",1.24334061437833,0.795333647292993,2026,31,6,"No rho-adjustment","Two year updates",3
"669",1.29937822521474,0.71602330772293,2027,31,6,"No rho-adjustment","Two year updates",3
"670",1.29937822521474,0.71602330772293,2028,31,6,"No rho-adjustment","Two year updates",3
"671",1.15915132313985,0.695827361464968,2029,31,6,"No rho-adjustment","Two year updates",3
"672",1.15915132313985,0.695827361464968,2030,31,6,"No rho-adjustment","Two year updates",3
"673",1.11244631855131,0.683330475955414,2031,31,6,"No rho-adjustment","Two year updates",3
"674",1.11244631855131,0.683330475955414,2032,31,6,"No rho-adjustment","Two year updates",3
"675",1.01714572697919,0.685453191878981,2033,31,6,"No rho-adjustment","Two year updates",3
"676",1.01714572697919,0.685453191878981,2034,31,6,"No rho-adjustment","Two year updates",3
"677",0.930066314394773,0.667840885509554,2035,31,6,"No rho-adjustment","Two year updates",3
"678",0.930066314394773,0.667840885509554,2036,31,6,"No rho-adjustment","Two year updates",3
"679",1.12922451306332,0.639338524681529,2037,31,6,"No rho-adjustment","Two year updates",3
"680",1.12922451306332,0.639338524681529,2038,31,6,"No rho-adjustment","Two year updates",3
"681",1.16626305020501,0.629685050875796,2039,31,6,"No rho-adjustment","Two year updates",3
"682",1.16626305020501,0.629685050875796,2040,31,6,"No rho-adjustment","Two year updates",3
"683",2.46250656032311,0.16960971518617,2019,32,6,"No rho-adjustment","Two year updates",4
"684",2.46250656032311,0.16960971518617,2020,32,6,"No rho-adjustment","Two year updates",4
"685",3.31467525113901,0.0362357264092357,2021,32,6,"No rho-adjustment","Two year updates",4
"686",3.31467525113901,0.0362357264092357,2022,32,6,"No rho-adjustment","Two year updates",4
"687",2.98449590781139,0.0319235381369427,2023,32,6,"No rho-adjustment","Two year updates",4
"688",2.98449590781139,0.0319235381369427,2024,32,6,"No rho-adjustment","Two year updates",4
"689",2.55401354778351,0.0575081667515923,2025,32,6,"No rho-adjustment","Two year updates",4
"690",2.55401354778351,0.0575081667515923,2026,32,6,"No rho-adjustment","Two year updates",4
"691",2.49858930075305,0.0921722020939491,2027,32,6,"No rho-adjustment","Two year updates",4
"692",2.49858930075305,0.0921722020939491,2028,32,6,"No rho-adjustment","Two year updates",4
"693",2.15852287882784,0.128348545270701,2029,32,6,"No rho-adjustment","Two year updates",4
"694",2.15852287882784,0.128348545270701,2030,32,6,"No rho-adjustment","Two year updates",4
"695",1.91067237755472,0.19356110183121,2031,32,6,"No rho-adjustment","Two year updates",4
"696",1.91067237755472,0.19356110183121,2032,32,6,"No rho-adjustment","Two year updates",4
"697",1.68622266798707,0.306044286305732,2033,32,6,"No rho-adjustment","Two year updates",4
"698",1.68622266798707,0.306044286305732,2034,32,6,"No rho-adjustment","Two year updates",4
"699",1.42101343387182,0.47948277611465,2035,32,6,"No rho-adjustment","Two year updates",4
"700",1.42101343387182,0.47948277611465,2036,32,6,"No rho-adjustment","Two year updates",4
"701",1.5511281557627,0.579013082484076,2037,32,6,"No rho-adjustment","Two year updates",4
"702",1.5511281557627,0.579013082484076,2038,32,6,"No rho-adjustment","Two year updates",4
"703",1.41157526450292,0.594660874442675,2039,32,6,"No rho-adjustment","Two year updates",4
"704",1.41157526450292,0.594660874442675,2040,32,6,"No rho-adjustment","Two year updates",4
