"","rhoF","Year","Scenario"
"1",NA,1984,1
"2",NA,1985,1
"3",NA,1986,1
"4",NA,1987,1
"5",NA,1988,1
"6",NA,1989,1
"7",NA,1990,1
"8",NA,1991,1
"9",NA,1992,1
"10",NA,1993,1
"11",NA,1994,1
"12",NA,1995,1
"13",NA,1996,1
"14",NA,1997,1
"15",NA,1998,1
"16",NA,1999,1
"17",NA,2000,1
"18",NA,2001,1
"19",NA,2002,1
"20",NA,2003,1
"21",NA,2004,1
"22",NA,2005,1
"23",NA,2006,1
"24",NA,2007,1
"25",NA,2008,1
"26",NA,2009,1
"27",NA,2010,1
"28",NA,2011,1
"29",NA,2012,1
"30",NA,2013,1
"31",NA,2014,1
"32",NA,2015,1
"33",NA,2016,1
"34",NA,2017,1
"35",NA,2018,1
"36",NA,2019,1
"37",-0.122351607581123,2020,1
"38",-0.155932012815671,2021,1
"39",-0.179473914608112,2022,1
"40",-0.20558423722347,2023,1
"41",-0.234238364956067,2024,1
"42",-0.262364796851377,2025,1
"43",-0.287796879207989,2026,1
"44",-0.353499804417661,2027,1
"45",-0.375795602898669,2028,1
"46",-0.357237884353851,2029,1
"47",-0.326772156016181,2030,1
"48",-0.292282231811081,2031,1
"49",-0.256080402984384,2032,1
"50",-0.228245771919846,2033,1
"51",-0.204234920350869,2034,1
"52",-0.197061438388631,2035,1
"53",-0.194292254021752,2036,1
"54",-0.203186848613523,2037,1
"55",-0.210713402026468,2038,1
"56",-0.212854597426796,2039,1
"57",NA,1984,2
"58",NA,1985,2
"59",NA,1986,2
"60",NA,1987,2
"61",NA,1988,2
"62",NA,1989,2
"63",NA,1990,2
"64",NA,1991,2
"65",NA,1992,2
"66",NA,1993,2
"67",NA,1994,2
"68",NA,1995,2
"69",NA,1996,2
"70",NA,1997,2
"71",NA,1998,2
"72",NA,1999,2
"73",NA,2000,2
"74",NA,2001,2
"75",NA,2002,2
"76",NA,2003,2
"77",NA,2004,2
"78",NA,2005,2
"79",NA,2006,2
"80",NA,2007,2
"81",NA,2008,2
"82",NA,2009,2
"83",NA,2010,2
"84",NA,2011,2
"85",NA,2012,2
"86",NA,2013,2
"87",NA,2014,2
"88",NA,2015,2
"89",NA,2016,2
"90",NA,2017,2
"91",NA,2018,2
"92",NA,2019,2
"93",0.000651304533547343,2020,2
"94",0.00862324340056403,2021,2
"95",0.00294943863617401,2022,2
"96",0.0159880423879084,2023,2
"97",0.0134994279278199,2024,2
"98",0.016999348988369,2025,2
"99",0.0129486997143543,2026,2
"100",0.0117290611503568,2027,2
"101",0.0073735297813168,2028,2
"102",0.00633858111516145,2029,2
"103",0.00275776113479266,2030,2
"104",0.00315133702862633,2031,2
"105",0.0081020749716809,2032,2
"106",0.00564887238061437,2033,2
"107",-0.000927608968505758,2034,2
"108",0.00269354242049299,2035,2
"109",0.00489443057865428,2036,2
"110",0.00260065216915547,2037,2
"111",0.00477725358536109,2038,2
"112",0.00799492045952654,2039,2
"113",NA,1984,3
"114",NA,1985,3
"115",NA,1986,3
"116",NA,1987,3
"117",NA,1988,3
"118",NA,1989,3
"119",NA,1990,3
"120",NA,1991,3
"121",NA,1992,3
"122",NA,1993,3
"123",NA,1994,3
"124",NA,1995,3
"125",NA,1996,3
"126",NA,1997,3
"127",NA,1998,3
"128",NA,1999,3
"129",NA,2000,3
"130",NA,2001,3
"131",NA,2002,3
"132",NA,2003,3
"133",NA,2004,3
"134",NA,2005,3
"135",NA,2006,3
"136",NA,2007,3
"137",NA,2008,3
"138",NA,2009,3
"139",NA,2010,3
"140",NA,2011,3
"141",NA,2012,3
"142",NA,2013,3
"143",NA,2014,3
"144",NA,2015,3
"145",NA,2016,3
"146",NA,2017,3
"147",NA,2018,3
"148",NA,2019,3
"149",-0.0124498064366937,2020,3
"150",-0.00420810455094239,2021,3
"151",0.00483074717123554,2022,3
"152",-0.00616147480824642,2023,3
"153",-0.00443990214815586,2024,3
"154",-0.00385744109336448,2025,3
"155",0.000275368151933637,2026,3
"156",-0.00229603276563589,2027,3
"157",0.000176151826528988,2028,3
"158",-0.00486786555284668,2029,3
"159",0.00101927234813226,2030,3
"160",0.00319608017157082,2031,3
"161",-0.00565630074836972,2032,3
"162",-0.010572328943484,2033,3
"163",-0.00927482818168097,2034,3
"164",-0.00919093638926088,2035,3
"165",-0.00760826112508067,2036,3
"166",-0.00634568490935518,2037,3
"167",-0.00560252450696194,2038,3
"168",-0.00982662872939143,2039,3
"169",NA,1984,4
"170",NA,1985,4
"171",NA,1986,4
"172",NA,1987,4
"173",NA,1988,4
"174",NA,1989,4
"175",NA,1990,4
"176",NA,1991,4
"177",NA,1992,4
"178",NA,1993,4
"179",NA,1994,4
"180",NA,1995,4
"181",NA,1996,4
"182",NA,1997,4
"183",NA,1998,4
"184",NA,1999,4
"185",NA,2000,4
"186",NA,2001,4
"187",NA,2002,4
"188",NA,2003,4
"189",NA,2004,4
"190",NA,2005,4
"191",NA,2006,4
"192",NA,2007,4
"193",NA,2008,4
"194",NA,2009,4
"195",NA,2010,4
"196",NA,2011,4
"197",NA,2012,4
"198",NA,2013,4
"199",NA,2014,4
"200",NA,2015,4
"201",NA,2016,4
"202",NA,2017,4
"203",NA,2018,4
"204",NA,2019,4
"205",0.000868836622399061,2020,4
"206",0.00728716145654348,2021,4
"207",0.00944063596345654,2022,4
"208",0.0118164734094965,2023,4
"209",0.0109177918638727,2024,4
"210",0.0117539895389048,2025,4
"211",0.00925471859298813,2026,4
"212",0.0117662576817452,2027,4
"213",0.00282379641466405,2028,4
"214",0.0122491005263787,2029,4
"215",0.00863517306467297,2030,4
"216",0.00632298909765564,2031,4
"217",0.00846691134762641,2032,4
"218",0.00465009814525556,2033,4
"219",0.00520611640016252,2034,4
"220",0.00415211688095471,2035,4
"221",0.00116276325965179,2036,4
"222",-0.0039227624833025,2037,4
"223",-0.00708947600141447,2038,4
"224",-0.0095868288103701,2039,4
"225",NA,1984,5
"226",NA,1985,5
"227",NA,1986,5
"228",NA,1987,5
"229",NA,1988,5
"230",NA,1989,5
"231",NA,1990,5
"232",NA,1991,5
"233",NA,1992,5
"234",NA,1993,5
"235",NA,1994,5
"236",NA,1995,5
"237",NA,1996,5
"238",NA,1997,5
"239",NA,1998,5
"240",NA,1999,5
"241",NA,2000,5
"242",NA,2001,5
"243",NA,2002,5
"244",NA,2003,5
"245",NA,2004,5
"246",NA,2005,5
"247",NA,2006,5
"248",NA,2007,5
"249",NA,2008,5
"250",NA,2009,5
"251",NA,2010,5
"252",NA,2011,5
"253",NA,2012,5
"254",NA,2013,5
"255",NA,2014,5
"256",NA,2015,5
"257",NA,2016,5
"258",NA,2017,5
"259",NA,2018,5
"260",NA,2019,5
"261",-0.12171585629865,2020,5
"262",-0.157531768382222,2021,5
"263",-0.186259120276255,2022,5
"264",-0.205838391264715,2023,5
"265",-0.219541291910953,2024,5
"266",-0.237201500289576,2025,5
"267",-0.250836560041308,2026,5
"268",-0.311233994654145,2027,5
"269",-0.357427429454637,2028,5
"270",-0.387916306170947,2029,5
"271",-0.391543711602242,2030,5
"272",-0.380331792711814,2031,5
"273",-0.341445690813174,2032,5
"274",-0.303439827755026,2033,5
"275",-0.261681605455055,2034,5
"276",-0.224429773412191,2035,5
"277",-0.193036103137499,2036,5
"278",-0.170401662258268,2037,5
"279",-0.165433323967986,2038,5
"280",-0.172995490048863,2039,5
"281",NA,1984,6
"282",NA,1985,6
"283",NA,1986,6
"284",NA,1987,6
"285",NA,1988,6
"286",NA,1989,6
"287",NA,1990,6
"288",NA,1991,6
"289",NA,1992,6
"290",NA,1993,6
"291",NA,1994,6
"292",NA,1995,6
"293",NA,1996,6
"294",NA,1997,6
"295",NA,1998,6
"296",NA,1999,6
"297",NA,2000,6
"298",NA,2001,6
"299",NA,2002,6
"300",NA,2003,6
"301",NA,2004,6
"302",NA,2005,6
"303",NA,2006,6
"304",NA,2007,6
"305",NA,2008,6
"306",NA,2009,6
"307",NA,2010,6
"308",NA,2011,6
"309",NA,2012,6
"310",NA,2013,6
"311",NA,2014,6
"312",NA,2015,6
"313",NA,2016,6
"314",NA,2017,6
"315",NA,2018,6
"316",NA,2019,6
"317",-0.122965615508555,2020,6
"318",-0.154380607537241,2021,6
"319",-0.183459354704625,2022,6
"320",-0.20466072686254,2023,6
"321",-0.228079397096384,2024,6
"322",-0.250555661336238,2025,6
"323",-0.266401381736737,2026,6
"324",-0.319993801743358,2027,6
"325",-0.348553906826793,2028,6
"326",-0.358265297418767,2029,6
"327",-0.343173614523161,2030,6
"328",-0.318625915806281,2031,6
"329",-0.285005916558991,2032,6
"330",-0.249289986435805,2033,6
"331",-0.220039057403864,2034,6
"332",-0.18986403077606,2035,6
"333",-0.168755298434366,2036,6
"334",-0.157510010894721,2037,6
"335",-0.160688593509578,2038,6
"336",-0.16747495922534,2039,6
"337",NA,1984,7
"338",NA,1985,7
"339",NA,1986,7
"340",NA,1987,7
"341",NA,1988,7
"342",NA,1989,7
"343",NA,1990,7
"344",NA,1991,7
"345",NA,1992,7
"346",NA,1993,7
"347",NA,1994,7
"348",NA,1995,7
"349",NA,1996,7
"350",NA,1997,7
"351",NA,1998,7
"352",NA,1999,7
"353",NA,2000,7
"354",NA,2001,7
"355",NA,2002,7
"356",NA,2003,7
"357",NA,2004,7
"358",NA,2005,7
"359",NA,2006,7
"360",NA,2007,7
"361",NA,2008,7
"362",NA,2009,7
"363",NA,2010,7
"364",NA,2011,7
"365",NA,2012,7
"366",NA,2013,7
"367",NA,2014,7
"368",NA,2015,7
"369",NA,2016,7
"370",NA,2017,7
"371",NA,2018,7
"372",NA,2019,7
"373",-0.126589411010235,2020,7
"374",-0.171771846054784,2021,7
"375",-0.20039810080006,2022,7
"376",-0.235481198026099,2023,7
"377",-0.249854055002783,2024,7
"378",-0.261090741253405,2025,7
"379",-0.257267529920095,2026,7
"380",-0.27116670268141,2027,7
"381",-0.262619926660762,2028,7
"382",-0.252501939637099,2029,7
"383",-0.239609975615833,2030,7
"384",-0.2323374540849,2031,7
"385",-0.219792283231395,2032,7
"386",-0.216149928604142,2033,7
"387",-0.211979457073885,2034,7
"388",-0.212466562469363,2035,7
"389",-0.212511221742612,2036,7
"390",-0.210703611670609,2037,7
"391",-0.208711938931226,2038,7
"392",-0.206028667534576,2039,7
"393",NA,1984,8
"394",NA,1985,8
"395",NA,1986,8
"396",NA,1987,8
"397",NA,1988,8
"398",NA,1989,8
"399",NA,1990,8
"400",NA,1991,8
"401",NA,1992,8
"402",NA,1993,8
"403",NA,1994,8
"404",NA,1995,8
"405",NA,1996,8
"406",NA,1997,8
"407",NA,1998,8
"408",NA,1999,8
"409",NA,2000,8
"410",NA,2001,8
"411",NA,2002,8
"412",NA,2003,8
"413",NA,2004,8
"414",NA,2005,8
"415",NA,2006,8
"416",NA,2007,8
"417",NA,2008,8
"418",NA,2009,8
"419",NA,2010,8
"420",NA,2011,8
"421",NA,2012,8
"422",NA,2013,8
"423",NA,2014,8
"424",NA,2015,8
"425",NA,2016,8
"426",NA,2017,8
"427",NA,2018,8
"428",NA,2019,8
"429",-0.114514555113725,2020,8
"430",-0.157495425497436,2021,8
"431",-0.193700105016361,2022,8
"432",-0.213011972279082,2023,8
"433",-0.228002222034447,2024,8
"434",-0.240881676951519,2025,8
"435",-0.246729613113751,2026,8
"436",-0.290215060202149,2027,8
"437",-0.312630612962927,2028,8
"438",-0.326348850515474,2029,8
"439",-0.340310762980687,2030,8
"440",-0.353524781742257,2031,8
"441",-0.361308993702491,2032,8
"442",-0.372895786437148,2033,8
"443",-0.382740098531323,2034,8
"444",-0.386167631805001,2035,8
"445",-0.386694156666742,2036,8
"446",-0.373027815897113,2037,8
"447",-0.347308568991598,2038,8
"448",-0.303700565538032,2039,8
"449",NA,1984,9
"450",NA,1985,9
"451",NA,1986,9
"452",NA,1987,9
"453",NA,1988,9
"454",NA,1989,9
"455",NA,1990,9
"456",NA,1991,9
"457",NA,1992,9
"458",NA,1993,9
"459",NA,1994,9
"460",NA,1995,9
"461",NA,1996,9
"462",NA,1997,9
"463",NA,1998,9
"464",NA,1999,9
"465",NA,2000,9
"466",NA,2001,9
"467",NA,2002,9
"468",NA,2003,9
"469",NA,2004,9
"470",NA,2005,9
"471",NA,2006,9
"472",NA,2007,9
"473",NA,2008,9
"474",NA,2009,9
"475",NA,2010,9
"476",NA,2011,9
"477",NA,2012,9
"478",NA,2013,9
"479",NA,2014,9
"480",NA,2015,9
"481",NA,2016,9
"482",NA,2017,9
"483",NA,2018,9
"484",NA,2019,9
"485",-0.01200696007734,2020,9
"486",-0.00365365648138093,2021,9
"487",-0.00630810066596277,2022,9
"488",-0.000191128398962353,2023,9
"489",-0.00301810317709108,2024,9
"490",0.000749411022307696,2025,9
"491",-0.00434770204407326,2026,9
"492",-0.000247840736258455,2027,9
"493",-0.000556219426887319,2028,9
"494",-0.00961984915313963,2029,9
"495",-0.0054069878106833,2030,9
"496",-0.0141055746181354,2031,9
"497",-0.0127378463115417,2032,9
"498",-0.0185608281281714,2033,9
"499",-0.0176758384445264,2034,9
"500",-0.0251045797826613,2035,9
"501",-0.0240548782841111,2036,9
"502",-0.0363954477906409,2037,9
"503",-0.039342716369049,2038,9
"504",-0.0396487815114603,2039,9
"505",NA,1984,10
"506",NA,1985,10
"507",NA,1986,10
"508",NA,1987,10
"509",NA,1988,10
"510",NA,1989,10
"511",NA,1990,10
"512",NA,1991,10
"513",NA,1992,10
"514",NA,1993,10
"515",NA,1994,10
"516",NA,1995,10
"517",NA,1996,10
"518",NA,1997,10
"519",NA,1998,10
"520",NA,1999,10
"521",NA,2000,10
"522",NA,2001,10
"523",NA,2002,10
"524",NA,2003,10
"525",NA,2004,10
"526",NA,2005,10
"527",NA,2006,10
"528",NA,2007,10
"529",NA,2008,10
"530",NA,2009,10
"531",NA,2010,10
"532",NA,2011,10
"533",NA,2012,10
"534",NA,2013,10
"535",NA,2014,10
"536",NA,2015,10
"537",NA,2016,10
"538",NA,2017,10
"539",NA,2018,10
"540",NA,2019,10
"541",-0.00487934630946555,2020,10
"542",0.00173277168471072,2021,10
"543",0.00619903843234471,2022,10
"544",0.00554193382546632,2023,10
"545",0.00245118859057043,2024,10
"546",0.0065441869389951,2025,10
"547",0.000970622436258288,2026,10
"548",0.00156239670928593,2027,10
"549",-0.00359218306006643,2028,10
"550",-0.00471263230254599,2029,10
"551",-0.0159090220367446,2030,10
"552",-0.0129490436844954,2031,10
"553",-0.0176743332523394,2032,10
"554",-0.0145963592324741,2033,10
"555",-0.0177408114816239,2034,10
"556",-0.0204289823721804,2035,10
"557",-0.0213047014604856,2036,10
"558",-0.0309922828228032,2037,10
"559",-0.0397467079325438,2038,10
"560",-0.0379214915274533,2039,10
"561",NA,1984,11
"562",NA,1985,11
"563",NA,1986,11
"564",NA,1987,11
"565",NA,1988,11
"566",NA,1989,11
"567",NA,1990,11
"568",NA,1991,11
"569",NA,1992,11
"570",NA,1993,11
"571",NA,1994,11
"572",NA,1995,11
"573",NA,1996,11
"574",NA,1997,11
"575",NA,1998,11
"576",NA,1999,11
"577",NA,2000,11
"578",NA,2001,11
"579",NA,2002,11
"580",NA,2003,11
"581",NA,2004,11
"582",NA,2005,11
"583",NA,2006,11
"584",NA,2007,11
"585",NA,2008,11
"586",NA,2009,11
"587",NA,2010,11
"588",NA,2011,11
"589",NA,2012,11
"590",NA,2013,11
"591",NA,2014,11
"592",NA,2015,11
"593",NA,2016,11
"594",NA,2017,11
"595",NA,2018,11
"596",NA,2019,11
"597",0.00397920628292663,2020,11
"598",0.00896998083041845,2021,11
"599",0.00309702314826474,2022,11
"600",-0.0010403387928671,2023,11
"601",-0.00821681688329804,2024,11
"602",-0.0166319943045156,2025,11
"603",-0.0161859208808226,2026,11
"604",-0.0191522894924382,2027,11
"605",-0.0258712080299494,2028,11
"606",-0.0275481716246374,2029,11
"607",-0.0192166323877114,2030,11
"608",-0.0167966769090109,2031,11
"609",-0.0152520531079477,2032,11
"610",-0.0167809224378633,2033,11
"611",-0.0141849513391015,2034,11
"612",-0.017615577507961,2035,11
"613",-0.021216871496149,2036,11
"614",-0.0217499945301873,2037,11
"615",-0.0247749724970165,2038,11
"616",-0.0263118361001132,2039,11
"617",NA,1984,12
"618",NA,1985,12
"619",NA,1986,12
"620",NA,1987,12
"621",NA,1988,12
"622",NA,1989,12
"623",NA,1990,12
"624",NA,1991,12
"625",NA,1992,12
"626",NA,1993,12
"627",NA,1994,12
"628",NA,1995,12
"629",NA,1996,12
"630",NA,1997,12
"631",NA,1998,12
"632",NA,1999,12
"633",NA,2000,12
"634",NA,2001,12
"635",NA,2002,12
"636",NA,2003,12
"637",NA,2004,12
"638",NA,2005,12
"639",NA,2006,12
"640",NA,2007,12
"641",NA,2008,12
"642",NA,2009,12
"643",NA,2010,12
"644",NA,2011,12
"645",NA,2012,12
"646",NA,2013,12
"647",NA,2014,12
"648",NA,2015,12
"649",NA,2016,12
"650",NA,2017,12
"651",NA,2018,12
"652",NA,2019,12
"653",-0.00869627507133787,2020,12
"654",0.00340617745493461,2021,12
"655",-0.000675175461443987,2022,12
"656",-0.0125081939885388,2023,12
"657",-0.00742431883007853,2024,12
"658",-0.00681171017788227,2025,12
"659",-0.00678352729500755,2026,12
"660",-0.00707321296793761,2027,12
"661",-0.0037245150496427,2028,12
"662",-0.000179160274690374,2029,12
"663",-0.000640730226740868,2030,12
"664",0.00230057682119084,2031,12
"665",0.00628032184167642,2032,12
"666",0.00583282305995615,2033,12
"667",0.00412021526396264,2034,12
"668",0.00241005912580717,2035,12
"669",-0.00167345152702506,2036,12
"670",-0.00192233395783919,2037,12
"671",-0.00789475537096828,2038,12
"672",-0.0159067385881981,2039,12
"673",NA,1984,13
"674",NA,1985,13
"675",NA,1986,13
"676",NA,1987,13
"677",NA,1988,13
"678",NA,1989,13
"679",NA,1990,13
"680",NA,1991,13
"681",NA,1992,13
"682",NA,1993,13
"683",NA,1994,13
"684",NA,1995,13
"685",NA,1996,13
"686",NA,1997,13
"687",NA,1998,13
"688",NA,1999,13
"689",NA,2000,13
"690",NA,2001,13
"691",NA,2002,13
"692",NA,2003,13
"693",NA,2004,13
"694",NA,2005,13
"695",NA,2006,13
"696",NA,2007,13
"697",NA,2008,13
"698",NA,2009,13
"699",NA,2010,13
"700",NA,2011,13
"701",NA,2012,13
"702",NA,2013,13
"703",NA,2014,13
"704",NA,2015,13
"705",NA,2016,13
"706",NA,2017,13
"707",NA,2018,13
"708",NA,2019,13
"709",-0.119646872176394,2020,13
"710",-0.156199128768875,2021,13
"711",-0.180773957182774,2022,13
"712",-0.20383725594476,2023,13
"713",-0.232929878101204,2024,13
"714",-0.254428714554857,2025,13
"715",-0.280688935001236,2026,13
"716",-0.331002413862982,2027,13
"717",-0.371062944501903,2028,13
"718",-0.376198712472726,2029,13
"719",-0.362087353932912,2030,13
"720",-0.337301793131757,2031,13
"721",-0.298406663113645,2032,13
"722",-0.256817336214762,2033,13
"723",-0.216234419114077,2034,13
"724",-0.18172397923612,2035,13
"725",-0.159330220041962,2036,13
"726",-0.14096424436807,2037,13
"727",-0.142805120610133,2038,13
"728",-0.151308145424765,2039,13
"729",NA,1984,14
"730",NA,1985,14
"731",NA,1986,14
"732",NA,1987,14
"733",NA,1988,14
"734",NA,1989,14
"735",NA,1990,14
"736",NA,1991,14
"737",NA,1992,14
"738",NA,1993,14
"739",NA,1994,14
"740",NA,1995,14
"741",NA,1996,14
"742",NA,1997,14
"743",NA,1998,14
"744",NA,1999,14
"745",NA,2000,14
"746",NA,2001,14
"747",NA,2002,14
"748",NA,2003,14
"749",NA,2004,14
"750",NA,2005,14
"751",NA,2006,14
"752",NA,2007,14
"753",NA,2008,14
"754",NA,2009,14
"755",NA,2010,14
"756",NA,2011,14
"757",NA,2012,14
"758",NA,2013,14
"759",NA,2014,14
"760",NA,2015,14
"761",NA,2016,14
"762",NA,2017,14
"763",NA,2018,14
"764",NA,2019,14
"765",-0.126406182098776,2020,14
"766",-0.160313112009316,2021,14
"767",-0.186443247423795,2022,14
"768",-0.210965303161225,2023,14
"769",-0.23613732590285,2024,14
"770",-0.257293657377127,2025,14
"771",-0.28053361423146,2026,14
"772",-0.331394069336589,2027,14
"773",-0.359815590069475,2028,14
"774",-0.361329626281358,2029,14
"775",-0.346205526352134,2030,14
"776",-0.321375497986328,2031,14
"777",-0.286862924251139,2032,14
"778",-0.245935925754544,2033,14
"779",-0.209694946791668,2034,14
"780",-0.179532365180499,2035,14
"781",-0.155350806824977,2036,14
"782",-0.144363201723726,2037,14
"783",-0.150473082983083,2038,14
"784",-0.160788027334168,2039,14
"785",NA,1984,15
"786",NA,1985,15
"787",NA,1986,15
"788",NA,1987,15
"789",NA,1988,15
"790",NA,1989,15
"791",NA,1990,15
"792",NA,1991,15
"793",NA,1992,15
"794",NA,1993,15
"795",NA,1994,15
"796",NA,1995,15
"797",NA,1996,15
"798",NA,1997,15
"799",NA,1998,15
"800",NA,1999,15
"801",NA,2000,15
"802",NA,2001,15
"803",NA,2002,15
"804",NA,2003,15
"805",NA,2004,15
"806",NA,2005,15
"807",NA,2006,15
"808",NA,2007,15
"809",NA,2008,15
"810",NA,2009,15
"811",NA,2010,15
"812",NA,2011,15
"813",NA,2012,15
"814",NA,2013,15
"815",NA,2014,15
"816",NA,2015,15
"817",NA,2016,15
"818",NA,2017,15
"819",NA,2018,15
"820",NA,2019,15
"821",-0.129572039250551,2020,15
"822",-0.167405369114923,2021,15
"823",-0.204778423625894,2022,15
"824",-0.23850886362307,2023,15
"825",-0.255601708888806,2024,15
"826",-0.268214662481624,2025,15
"827",-0.264312632999346,2026,15
"828",-0.277094472438658,2027,15
"829",-0.266553234374916,2028,15
"830",-0.256380209271771,2029,15
"831",-0.238941410782626,2030,15
"832",-0.222392922848733,2031,15
"833",-0.215630240609589,2032,15
"834",-0.208944592766512,2033,15
"835",-0.205256499786183,2034,15
"836",-0.205227883524483,2035,15
"837",-0.208560290094367,2036,15
"838",-0.213365420199629,2037,15
"839",-0.210596893705938,2038,15
"840",-0.204381953179993,2039,15
"841",NA,1984,16
"842",NA,1985,16
"843",NA,1986,16
"844",NA,1987,16
"845",NA,1988,16
"846",NA,1989,16
"847",NA,1990,16
"848",NA,1991,16
"849",NA,1992,16
"850",NA,1993,16
"851",NA,1994,16
"852",NA,1995,16
"853",NA,1996,16
"854",NA,1997,16
"855",NA,1998,16
"856",NA,1999,16
"857",NA,2000,16
"858",NA,2001,16
"859",NA,2002,16
"860",NA,2003,16
"861",NA,2004,16
"862",NA,2005,16
"863",NA,2006,16
"864",NA,2007,16
"865",NA,2008,16
"866",NA,2009,16
"867",NA,2010,16
"868",NA,2011,16
"869",NA,2012,16
"870",NA,2013,16
"871",NA,2014,16
"872",NA,2015,16
"873",NA,2016,16
"874",NA,2017,16
"875",NA,2018,16
"876",NA,2019,16
"877",-0.122410949610364,2020,16
"878",-0.165479223087424,2021,16
"879",-0.203142653662442,2022,16
"880",-0.218490435622405,2023,16
"881",-0.23250375033197,2024,16
"882",-0.248127929928222,2025,16
"883",-0.262067732836923,2026,16
"884",-0.299225917179774,2027,16
"885",-0.323398582572556,2028,16
"886",-0.338375687387512,2029,16
"887",-0.352508451706515,2030,16
"888",-0.365856984025471,2031,16
"889",-0.370524505990619,2032,16
"890",-0.374518207466056,2033,16
"891",-0.374358932704413,2034,16
"892",-0.372264595366629,2035,16
"893",-0.347844722508691,2036,16
"894",-0.306456427922584,2037,16
"895",-0.261977063286882,2038,16
"896",-0.221928895530921,2039,16
"897",NA,1984,17
"898",NA,1985,17
"899",NA,1986,17
"900",NA,1987,17
"901",NA,1988,17
"902",NA,1989,17
"903",NA,1990,17
"904",NA,1991,17
"905",NA,1992,17
"906",NA,1993,17
"907",NA,1994,17
"908",NA,1995,17
"909",NA,1996,17
"910",NA,1997,17
"911",NA,1998,17
"912",NA,1999,17
"913",NA,2000,17
"914",NA,2001,17
"915",NA,2002,17
"916",NA,2003,17
"917",NA,2004,17
"918",NA,2005,17
"919",NA,2006,17
"920",NA,2007,17
"921",NA,2008,17
"922",NA,2009,17
"923",NA,2010,17
"924",NA,2011,17
"925",NA,2012,17
"926",NA,2013,17
"927",NA,2014,17
"928",NA,2015,17
"929",NA,2016,17
"930",NA,2017,17
"931",NA,2018,17
"932",NA,2019,17
"933",-0.130857010354194,2020,17
"934",-0.164670011368409,2021,17
"935",-0.189033595038247,2022,17
"936",-0.218186179222904,2023,17
"937",-0.236640449230777,2024,17
"938",-0.261377946148464,2025,17
"939",-0.279693553825126,2026,17
"940",-0.337477502562999,2027,17
"941",-0.369944695266584,2028,17
"942",-0.386076651107247,2029,17
"943",-0.389196985725067,2030,17
"944",-0.380489488934016,2031,17
"945",-0.36399364615293,2032,17
"946",-0.34299873814461,2033,17
"947",-0.3167644126788,2034,17
"948",-0.290766435778097,2035,17
"949",-0.278107794092895,2036,17
"950",-0.267610546560326,2037,17
"951",-0.266121715255615,2038,17
"952",-0.264116739623693,2039,17
"953",NA,1984,18
"954",NA,1985,18
"955",NA,1986,18
"956",NA,1987,18
"957",NA,1988,18
"958",NA,1989,18
"959",NA,1990,18
"960",NA,1991,18
"961",NA,1992,18
"962",NA,1993,18
"963",NA,1994,18
"964",NA,1995,18
"965",NA,1996,18
"966",NA,1997,18
"967",NA,1998,18
"968",NA,1999,18
"969",NA,2000,18
"970",NA,2001,18
"971",NA,2002,18
"972",NA,2003,18
"973",NA,2004,18
"974",NA,2005,18
"975",NA,2006,18
"976",NA,2007,18
"977",NA,2008,18
"978",NA,2009,18
"979",NA,2010,18
"980",NA,2011,18
"981",NA,2012,18
"982",NA,2013,18
"983",NA,2014,18
"984",NA,2015,18
"985",NA,2016,18
"986",NA,2017,18
"987",NA,2018,18
"988",NA,2019,18
"989",-0.12511922925822,2020,18
"990",-0.155903660770479,2021,18
"991",-0.183680420578191,2022,18
"992",-0.204080281634225,2023,18
"993",-0.221549380054301,2024,18
"994",-0.24292574128948,2025,18
"995",-0.264815228803128,2026,18
"996",-0.309260638909313,2027,18
"997",-0.344111007829874,2028,18
"998",-0.3628169418425,2029,18
"999",-0.365252791013061,2030,18
"1000",-0.362828461442525,2031,18
"1001",-0.346255042449732,2032,18
"1002",-0.328540348010967,2033,18
"1003",-0.303951292471434,2034,18
"1004",-0.287465899097566,2035,18
"1005",-0.271444414668536,2036,18
"1006",-0.263280528941056,2037,18
"1007",-0.252529114694127,2038,18
"1008",-0.258812873711384,2039,18
"1009",NA,1984,19
"1010",NA,1985,19
"1011",NA,1986,19
"1012",NA,1987,19
"1013",NA,1988,19
"1014",NA,1989,19
"1015",NA,1990,19
"1016",NA,1991,19
"1017",NA,1992,19
"1018",NA,1993,19
"1019",NA,1994,19
"1020",NA,1995,19
"1021",NA,1996,19
"1022",NA,1997,19
"1023",NA,1998,19
"1024",NA,1999,19
"1025",NA,2000,19
"1026",NA,2001,19
"1027",NA,2002,19
"1028",NA,2003,19
"1029",NA,2004,19
"1030",NA,2005,19
"1031",NA,2006,19
"1032",NA,2007,19
"1033",NA,2008,19
"1034",NA,2009,19
"1035",NA,2010,19
"1036",NA,2011,19
"1037",NA,2012,19
"1038",NA,2013,19
"1039",NA,2014,19
"1040",NA,2015,19
"1041",NA,2016,19
"1042",NA,2017,19
"1043",NA,2018,19
"1044",NA,2019,19
"1045",-0.129668332620541,2020,19
"1046",-0.178304734686621,2021,19
"1047",-0.21635234811375,2022,19
"1048",-0.24888280793249,2023,19
"1049",-0.266421044355389,2024,19
"1050",-0.275379677350324,2025,19
"1051",-0.270102344305327,2026,19
"1052",-0.281011221270226,2027,19
"1053",-0.275442919169776,2028,19
"1054",-0.272002011732199,2029,19
"1055",-0.261666593981389,2030,19
"1056",-0.259381280061898,2031,19
"1057",-0.262582511506554,2032,19
"1058",-0.266443591741667,2033,19
"1059",-0.27078719914049,2034,19
"1060",-0.277442425671695,2035,19
"1061",-0.28119221535029,2036,19
"1062",-0.284554802870623,2037,19
"1063",-0.279227676007327,2038,19
"1064",-0.271187016381811,2039,19
"1065",NA,1984,20
"1066",NA,1985,20
"1067",NA,1986,20
"1068",NA,1987,20
"1069",NA,1988,20
"1070",NA,1989,20
"1071",NA,1990,20
"1072",NA,1991,20
"1073",NA,1992,20
"1074",NA,1993,20
"1075",NA,1994,20
"1076",NA,1995,20
"1077",NA,1996,20
"1078",NA,1997,20
"1079",NA,1998,20
"1080",NA,1999,20
"1081",NA,2000,20
"1082",NA,2001,20
"1083",NA,2002,20
"1084",NA,2003,20
"1085",NA,2004,20
"1086",NA,2005,20
"1087",NA,2006,20
"1088",NA,2007,20
"1089",NA,2008,20
"1090",NA,2009,20
"1091",NA,2010,20
"1092",NA,2011,20
"1093",NA,2012,20
"1094",NA,2013,20
"1095",NA,2014,20
"1096",NA,2015,20
"1097",NA,2016,20
"1098",NA,2017,20
"1099",NA,2018,20
"1100",NA,2019,20
"1101",-0.125202378258238,2020,20
"1102",-0.167100739594333,2021,20
"1103",-0.202306806175888,2022,20
"1104",-0.223053933709301,2023,20
"1105",-0.245737564950264,2024,20
"1106",-0.258117495058038,2025,20
"1107",-0.264546750043202,2026,20
"1108",-0.302322937019452,2027,20
"1109",-0.324482159137458,2028,20
"1110",-0.345570543554571,2029,20
"1111",-0.359032211536658,2030,20
"1112",-0.373043388770015,2031,20
"1113",-0.381532819849541,2032,20
"1114",-0.393058949170315,2033,20
"1115",-0.405648628991352,2034,20
"1116",-0.410696378580214,2035,20
"1117",-0.411486472879067,2036,20
"1118",-0.409578094403767,2037,20
"1119",-0.392180539230164,2038,20
"1120",-0.363280415428393,2039,20
"1121",NA,1984,21
"1122",NA,1985,21
"1123",NA,1986,21
"1124",NA,1987,21
"1125",NA,1988,21
"1126",NA,1989,21
"1127",NA,1990,21
"1128",NA,1991,21
"1129",NA,1992,21
"1130",NA,1993,21
"1131",NA,1994,21
"1132",NA,1995,21
"1133",NA,1996,21
"1134",NA,1997,21
"1135",NA,1998,21
"1136",NA,1999,21
"1137",NA,2000,21
"1138",NA,2001,21
"1139",NA,2002,21
"1140",NA,2003,21
"1141",NA,2004,21
"1142",NA,2005,21
"1143",NA,2006,21
"1144",NA,2007,21
"1145",NA,2008,21
"1146",NA,2009,21
"1147",NA,2010,21
"1148",NA,2011,21
"1149",NA,2012,21
"1150",NA,2013,21
"1151",NA,2014,21
"1152",NA,2015,21
"1153",NA,2016,21
"1154",NA,2017,21
"1155",NA,2018,21
"1156",NA,2019,21
"1157",-0.123839006494599,2020,21
"1158",-0.165091953344549,2021,21
"1159",-0.1997769028385,2022,21
"1160",-0.224435969534139,2023,21
"1161",-0.255724241347667,2024,21
"1162",-0.279418139694573,2025,21
"1163",-0.310799236857887,2026,21
"1164",-0.369516350828067,2027,21
"1165",-0.381468976408347,2028,21
"1166",-0.35638853115051,2029,21
"1167",-0.329395487617114,2030,21
"1168",-0.30041294939222,2031,21
"1169",-0.275564476831185,2032,21
"1170",-0.255653889276058,2033,21
"1171",-0.24633435809247,2034,21
"1172",-0.24101745200371,2035,21
"1173",-0.240732178065429,2036,21
"1174",-0.235815007320471,2037,21
"1175",-0.23726283704357,2038,21
"1176",-0.233600411944337,2039,21
"1177",NA,1984,22
"1178",NA,1985,22
"1179",NA,1986,22
"1180",NA,1987,22
"1181",NA,1988,22
"1182",NA,1989,22
"1183",NA,1990,22
"1184",NA,1991,22
"1185",NA,1992,22
"1186",NA,1993,22
"1187",NA,1994,22
"1188",NA,1995,22
"1189",NA,1996,22
"1190",NA,1997,22
"1191",NA,1998,22
"1192",NA,1999,22
"1193",NA,2000,22
"1194",NA,2001,22
"1195",NA,2002,22
"1196",NA,2003,22
"1197",NA,2004,22
"1198",NA,2005,22
"1199",NA,2006,22
"1200",NA,2007,22
"1201",NA,2008,22
"1202",NA,2009,22
"1203",NA,2010,22
"1204",NA,2011,22
"1205",NA,2012,22
"1206",NA,2013,22
"1207",NA,2014,22
"1208",NA,2015,22
"1209",NA,2016,22
"1210",NA,2017,22
"1211",NA,2018,22
"1212",NA,2019,22
"1213",-0.124002049188684,2020,22
"1214",-0.159751901460551,2021,22
"1215",-0.188485751429518,2022,22
"1216",-0.222162623999133,2023,22
"1217",-0.2521756087374,2024,22
"1218",-0.278006630277259,2025,22
"1219",-0.302257965831957,2026,22
"1220",-0.347627228091778,2027,22
"1221",-0.357000084792067,2028,22
"1222",-0.336864089042404,2029,22
"1223",-0.308116413062448,2030,22
"1224",-0.282419376579755,2031,22
"1225",-0.256323304978501,2032,22
"1226",-0.243391012702022,2033,22
"1227",-0.229858126565767,2034,22
"1228",-0.222747231781477,2035,22
"1229",-0.217486000063039,2036,22
"1230",-0.218809033224411,2037,22
"1231",-0.217056271861723,2038,22
"1232",-0.217643996386597,2039,22
"1233",NA,1984,23
"1234",NA,1985,23
"1235",NA,1986,23
"1236",NA,1987,23
"1237",NA,1988,23
"1238",NA,1989,23
"1239",NA,1990,23
"1240",NA,1991,23
"1241",NA,1992,23
"1242",NA,1993,23
"1243",NA,1994,23
"1244",NA,1995,23
"1245",NA,1996,23
"1246",NA,1997,23
"1247",NA,1998,23
"1248",NA,1999,23
"1249",NA,2000,23
"1250",NA,2001,23
"1251",NA,2002,23
"1252",NA,2003,23
"1253",NA,2004,23
"1254",NA,2005,23
"1255",NA,2006,23
"1256",NA,2007,23
"1257",NA,2008,23
"1258",NA,2009,23
"1259",NA,2010,23
"1260",NA,2011,23
"1261",NA,2012,23
"1262",NA,2013,23
"1263",NA,2014,23
"1264",NA,2015,23
"1265",NA,2016,23
"1266",NA,2017,23
"1267",NA,2018,23
"1268",NA,2019,23
"1269",-0.127332233300738,2020,23
"1270",-0.176516729537497,2021,23
"1271",-0.213479907235097,2022,23
"1272",-0.241777585370314,2023,23
"1273",-0.263210443637203,2024,23
"1274",-0.277060003941795,2025,23
"1275",-0.274589389785327,2026,23
"1276",-0.29125984484157,2027,23
"1277",-0.284334890081093,2028,23
"1278",-0.277908749456405,2029,23
"1279",-0.270900057082655,2030,23
"1280",-0.266700982623323,2031,23
"1281",-0.26399250033379,2032,23
"1282",-0.263269285527685,2033,23
"1283",-0.262342766446194,2034,23
"1284",-0.259138572945673,2035,23
"1285",-0.258296189185211,2036,23
"1286",-0.252645498532784,2037,23
"1287",-0.249850640297096,2038,23
"1288",-0.24438608454621,2039,23
"1289",NA,1984,24
"1290",NA,1985,24
"1291",NA,1986,24
"1292",NA,1987,24
"1293",NA,1988,24
"1294",NA,1989,24
"1295",NA,1990,24
"1296",NA,1991,24
"1297",NA,1992,24
"1298",NA,1993,24
"1299",NA,1994,24
"1300",NA,1995,24
"1301",NA,1996,24
"1302",NA,1997,24
"1303",NA,1998,24
"1304",NA,1999,24
"1305",NA,2000,24
"1306",NA,2001,24
"1307",NA,2002,24
"1308",NA,2003,24
"1309",NA,2004,24
"1310",NA,2005,24
"1311",NA,2006,24
"1312",NA,2007,24
"1313",NA,2008,24
"1314",NA,2009,24
"1315",NA,2010,24
"1316",NA,2011,24
"1317",NA,2012,24
"1318",NA,2013,24
"1319",NA,2014,24
"1320",NA,2015,24
"1321",NA,2016,24
"1322",NA,2017,24
"1323",NA,2018,24
"1324",NA,2019,24
"1325",-0.126062499782338,2020,24
"1326",-0.161821084723806,2021,24
"1327",-0.201703081876826,2022,24
"1328",-0.223740843504892,2023,24
"1329",-0.239098104863372,2024,24
"1330",-0.258088559874273,2025,24
"1331",-0.269228384845135,2026,24
"1332",-0.312988128200084,2027,24
"1333",-0.342548275399165,2028,24
"1334",-0.361938221024054,2029,24
"1335",-0.369996418375178,2030,24
"1336",-0.375974745122013,2031,24
"1337",-0.376301849777496,2032,24
"1338",-0.383165748320277,2033,24
"1339",-0.379078319557434,2034,24
"1340",-0.36403219237259,2035,24
"1341",-0.335569940120618,2036,24
"1342",-0.304267411141196,2037,24
"1343",-0.267600927083105,2038,24
"1344",-0.239119594605876,2039,24
"1345",NA,1984,25
"1346",NA,1985,25
"1347",NA,1986,25
"1348",NA,1987,25
"1349",NA,1988,25
"1350",NA,1989,25
"1351",NA,1990,25
"1352",NA,1991,25
"1353",NA,1992,25
"1354",NA,1993,25
"1355",NA,1994,25
"1356",NA,1995,25
"1357",NA,1996,25
"1358",NA,1997,25
"1359",NA,1998,25
"1360",NA,1999,25
"1361",NA,2000,25
"1362",NA,2001,25
"1363",NA,2002,25
"1364",NA,2003,25
"1365",NA,2004,25
"1366",NA,2005,25
"1367",NA,2006,25
"1368",NA,2007,25
"1369",NA,2008,25
"1370",NA,2009,25
"1371",NA,2010,25
"1372",NA,2011,25
"1373",NA,2012,25
"1374",NA,2013,25
"1375",NA,2014,25
"1376",NA,2015,25
"1377",NA,2016,25
"1378",NA,2017,25
"1379",NA,2018,25
"1380",NA,2019,25
"1381",0.000764041853099292,2020,25
"1382",-0.00445856534647429,2021,25
"1383",-0.00248987504582035,2022,25
"1384",0.00845230592304861,2023,25
"1385",0.00979625581223467,2024,25
"1386",0.0085710690943644,2025,25
"1387",0.00866669956712765,2026,25
"1388",0.00587688865938131,2027,25
"1389",0.00498938138780803,2028,25
"1390",0.00433830147263704,2029,25
"1391",0.00208725680996991,2030,25
"1392",-0.00188714979675099,2031,25
"1393",-0.000804685339585101,2032,25
"1394",-0.000771045110686817,2033,25
"1395",-0.00086295626365813,2034,25
"1396",-0.000658698901912322,2035,25
"1397",-0.00207714988330937,2036,25
"1398",-0.00179910552408314,2037,25
"1399",-0.00236681078314019,2038,25
"1400",-0.000389461636797715,2039,25
"1401",NA,1984,26
"1402",NA,1985,26
"1403",NA,1986,26
"1404",NA,1987,26
"1405",NA,1988,26
"1406",NA,1989,26
"1407",NA,1990,26
"1408",NA,1991,26
"1409",NA,1992,26
"1410",NA,1993,26
"1411",NA,1994,26
"1412",NA,1995,26
"1413",NA,1996,26
"1414",NA,1997,26
"1415",NA,1998,26
"1416",NA,1999,26
"1417",NA,2000,26
"1418",NA,2001,26
"1419",NA,2002,26
"1420",NA,2003,26
"1421",NA,2004,26
"1422",NA,2005,26
"1423",NA,2006,26
"1424",NA,2007,26
"1425",NA,2008,26
"1426",NA,2009,26
"1427",NA,2010,26
"1428",NA,2011,26
"1429",NA,2012,26
"1430",NA,2013,26
"1431",NA,2014,26
"1432",NA,2015,26
"1433",NA,2016,26
"1434",NA,2017,26
"1435",NA,2018,26
"1436",NA,2019,26
"1437",0.00138068370586598,2020,26
"1438",-0.00476582597831295,2021,26
"1439",-0.00494214266246297,2022,26
"1440",0.00410680363156098,2023,26
"1441",0.00795714460015133,2024,26
"1442",0.00929346684383481,2025,26
"1443",0.0103454322587278,2026,26
"1444",0.00484107969285666,2027,26
"1445",0.00689590428542678,2028,26
"1446",0.00845233399794846,2029,26
"1447",0.00410729784227888,2030,26
"1448",1.8217141237839e-05,2031,26
"1449",-0.000198156259606087,2032,26
"1450",-0.00187539108736821,2033,26
"1451",-0.00106498740873872,2034,26
"1452",-0.000738971190116445,2035,26
"1453",-0.00096321337906094,2036,26
"1454",-0.00140534251852899,2037,26
"1455",-0.000138318057581512,2038,26
"1456",-0.000196096994847558,2039,26
"1457",NA,1984,27
"1458",NA,1985,27
"1459",NA,1986,27
"1460",NA,1987,27
"1461",NA,1988,27
"1462",NA,1989,27
"1463",NA,1990,27
"1464",NA,1991,27
"1465",NA,1992,27
"1466",NA,1993,27
"1467",NA,1994,27
"1468",NA,1995,27
"1469",NA,1996,27
"1470",NA,1997,27
"1471",NA,1998,27
"1472",NA,1999,27
"1473",NA,2000,27
"1474",NA,2001,27
"1475",NA,2002,27
"1476",NA,2003,27
"1477",NA,2004,27
"1478",NA,2005,27
"1479",NA,2006,27
"1480",NA,2007,27
"1481",NA,2008,27
"1482",NA,2009,27
"1483",NA,2010,27
"1484",NA,2011,27
"1485",NA,2012,27
"1486",NA,2013,27
"1487",NA,2014,27
"1488",NA,2015,27
"1489",NA,2016,27
"1490",NA,2017,27
"1491",NA,2018,27
"1492",NA,2019,27
"1493",0.00115449768595876,2020,27
"1494",-0.00552959222213017,2021,27
"1495",-0.00624693881676898,2022,27
"1496",0.00393265431794004,2023,27
"1497",0.0100725691074154,2024,27
"1498",0.010156372704895,2025,27
"1499",0.00950176524655945,2026,27
"1500",0.00869202669248624,2027,27
"1501",0.0085025722965518,2028,27
"1502",0.00974443471832095,2029,27
"1503",0.00339939432597285,2030,27
"1504",0.000793854356601727,2031,27
"1505",-0.000474218321238722,2032,27
"1506",-0.00221429339206954,2033,27
"1507",-0.00288462740731635,2034,27
"1508",-0.00270211065771024,2035,27
"1509",-0.0018674936057607,2036,27
"1510",-0.00154711060045742,2037,27
"1511",-0.00211345730449736,2038,27
"1512",-0.00384374958247129,2039,27
"1513",NA,1984,28
"1514",NA,1985,28
"1515",NA,1986,28
"1516",NA,1987,28
"1517",NA,1988,28
"1518",NA,1989,28
"1519",NA,1990,28
"1520",NA,1991,28
"1521",NA,1992,28
"1522",NA,1993,28
"1523",NA,1994,28
"1524",NA,1995,28
"1525",NA,1996,28
"1526",NA,1997,28
"1527",NA,1998,28
"1528",NA,1999,28
"1529",NA,2000,28
"1530",NA,2001,28
"1531",NA,2002,28
"1532",NA,2003,28
"1533",NA,2004,28
"1534",NA,2005,28
"1535",NA,2006,28
"1536",NA,2007,28
"1537",NA,2008,28
"1538",NA,2009,28
"1539",NA,2010,28
"1540",NA,2011,28
"1541",NA,2012,28
"1542",NA,2013,28
"1543",NA,2014,28
"1544",NA,2015,28
"1545",NA,2016,28
"1546",NA,2017,28
"1547",NA,2018,28
"1548",NA,2019,28
"1549",0.000496797421060658,2020,28
"1550",0.000112004174716058,2021,28
"1551",0.000353076360764348,2022,28
"1552",0.00202232679042299,2023,28
"1553",0.000583422088128133,2024,28
"1554",6.24881314607123e-05,2025,28
"1555",0.000622514793129739,2026,28
"1556",-0.000544385440368023,2027,28
"1557",-0.000838993232752333,2028,28
"1558",-0.00073446853711407,2029,28
"1559",0.000448441551164005,2030,28
"1560",0.00225756311068074,2031,28
"1561",0.00285606923472073,2032,28
"1562",0.00219979432903731,2033,28
"1563",0.00240976217020225,2034,28
"1564",0.00459368288263637,2035,28
"1565",0.00660651362526142,2036,28
"1566",0.00767671343608483,2037,28
"1567",0.0107975075432058,2038,28
"1568",0.0119802392018619,2039,28
"1569",NA,1984,29
"1570",NA,1985,29
"1571",NA,1986,29
"1572",NA,1987,29
"1573",NA,1988,29
"1574",NA,1989,29
"1575",NA,1990,29
"1576",NA,1991,29
"1577",NA,1992,29
"1578",NA,1993,29
"1579",NA,1994,29
"1580",NA,1995,29
"1581",NA,1996,29
"1582",NA,1997,29
"1583",NA,1998,29
"1584",NA,1999,29
"1585",NA,2000,29
"1586",NA,2001,29
"1587",NA,2002,29
"1588",NA,2003,29
"1589",NA,2004,29
"1590",NA,2005,29
"1591",NA,2006,29
"1592",NA,2007,29
"1593",NA,2008,29
"1594",NA,2009,29
"1595",NA,2010,29
"1596",NA,2011,29
"1597",NA,2012,29
"1598",NA,2013,29
"1599",NA,2014,29
"1600",NA,2015,29
"1601",NA,2016,29
"1602",NA,2017,29
"1603",NA,2018,29
"1604",NA,2019,29
"1605",-0.00254226397930529,2020,29
"1606",-0.00562252512957251,2021,29
"1607",-0.01996632326076,2022,29
"1608",-0.00718168970351945,2023,29
"1609",-0.00207912124838629,2024,29
"1610",0.00166592374048578,2025,29
"1611",0.00627358839964108,2026,29
"1612",0.00757658037364347,2027,29
"1613",0.00986909359923768,2028,29
"1614",0.0177016590606381,2029,29
"1615",0.0166385321032461,2030,29
"1616",0.0158478830332133,2031,29
"1617",0.0173601842719787,2032,29
"1618",0.0182550477889963,2033,29
"1619",0.0198587886938468,2034,29
"1620",0.0245983295632348,2035,29
"1621",0.0291510610423055,2036,29
"1622",0.0344242234133971,2037,29
"1623",0.0412497714957812,2038,29
"1624",0.0442173996458796,2039,29
"1625",NA,1984,30
"1626",NA,1985,30
"1627",NA,1986,30
"1628",NA,1987,30
"1629",NA,1988,30
"1630",NA,1989,30
"1631",NA,1990,30
"1632",NA,1991,30
"1633",NA,1992,30
"1634",NA,1993,30
"1635",NA,1994,30
"1636",NA,1995,30
"1637",NA,1996,30
"1638",NA,1997,30
"1639",NA,1998,30
"1640",NA,1999,30
"1641",NA,2000,30
"1642",NA,2001,30
"1643",NA,2002,30
"1644",NA,2003,30
"1645",NA,2004,30
"1646",NA,2005,30
"1647",NA,2006,30
"1648",NA,2007,30
"1649",NA,2008,30
"1650",NA,2009,30
"1651",NA,2010,30
"1652",NA,2011,30
"1653",NA,2012,30
"1654",NA,2013,30
"1655",NA,2014,30
"1656",NA,2015,30
"1657",NA,2016,30
"1658",NA,2017,30
"1659",NA,2018,30
"1660",NA,2019,30
"1661",0.00161250144386253,2020,30
"1662",-0.00651809867585579,2021,30
"1663",-0.0166146130914495,2022,30
"1664",-0.00372424580116965,2023,30
"1665",0.00221257447573778,2024,30
"1666",0.00578998741490194,2025,30
"1667",0.00841297754011552,2026,30
"1668",0.00893380574832358,2027,30
"1669",0.0127925364140757,2028,30
"1670",0.0185820234111597,2029,30
"1671",0.0186960103610552,2030,30
"1672",0.0188242639442654,2031,30
"1673",0.0203245551150297,2032,30
"1674",0.0203160879923855,2033,30
"1675",0.021925049813979,2034,30
"1676",0.0265722976093404,2035,30
"1677",0.0309553755144346,2036,30
"1678",0.0390636289947785,2037,30
"1679",0.0457666658382825,2038,30
"1680",0.0496588687365398,2039,30
"1681",NA,1984,31
"1682",NA,1985,31
"1683",NA,1986,31
"1684",NA,1987,31
"1685",NA,1988,31
"1686",NA,1989,31
"1687",NA,1990,31
"1688",NA,1991,31
"1689",NA,1992,31
"1690",NA,1993,31
"1691",NA,1994,31
"1692",NA,1995,31
"1693",NA,1996,31
"1694",NA,1997,31
"1695",NA,1998,31
"1696",NA,1999,31
"1697",NA,2000,31
"1698",NA,2001,31
"1699",NA,2002,31
"1700",NA,2003,31
"1701",NA,2004,31
"1702",NA,2005,31
"1703",NA,2006,31
"1704",NA,2007,31
"1705",NA,2008,31
"1706",NA,2009,31
"1707",NA,2010,31
"1708",NA,2011,31
"1709",NA,2012,31
"1710",NA,2013,31
"1711",NA,2014,31
"1712",NA,2015,31
"1713",NA,2016,31
"1714",NA,2017,31
"1715",NA,2018,31
"1716",NA,2019,31
"1717",0.000995134399549545,2020,31
"1718",-0.00502267453036536,2021,31
"1719",-0.0190934354236479,2022,31
"1720",-0.00615386810851942,2023,31
"1721",-0.000518997281406082,2024,31
"1722",0.00202305486798952,2025,31
"1723",0.00501124175850888,2026,31
"1724",0.00665660881787994,2027,31
"1725",0.0101258425228616,2028,31
"1726",0.0174584736664199,2029,31
"1727",0.0162438552277719,2030,31
"1728",0.0171570093787986,2031,31
"1729",0.0185822204003826,2032,31
"1730",0.0189501208309664,2033,31
"1731",0.0220398139801763,2034,31
"1732",0.025429635198737,2035,31
"1733",0.031234374982753,2036,31
"1734",0.0359844812772915,2037,31
"1735",0.0420947683501355,2038,31
"1736",0.0439717991217162,2039,31
"1737",NA,1984,32
"1738",NA,1985,32
"1739",NA,1986,32
"1740",NA,1987,32
"1741",NA,1988,32
"1742",NA,1989,32
"1743",NA,1990,32
"1744",NA,1991,32
"1745",NA,1992,32
"1746",NA,1993,32
"1747",NA,1994,32
"1748",NA,1995,32
"1749",NA,1996,32
"1750",NA,1997,32
"1751",NA,1998,32
"1752",NA,1999,32
"1753",NA,2000,32
"1754",NA,2001,32
"1755",NA,2002,32
"1756",NA,2003,32
"1757",NA,2004,32
"1758",NA,2005,32
"1759",NA,2006,32
"1760",NA,2007,32
"1761",NA,2008,32
"1762",NA,2009,32
"1763",NA,2010,32
"1764",NA,2011,32
"1765",NA,2012,32
"1766",NA,2013,32
"1767",NA,2014,32
"1768",NA,2015,32
"1769",NA,2016,32
"1770",NA,2017,32
"1771",NA,2018,32
"1772",NA,2019,32
"1773",0.000584488177436799,2020,32
"1774",0.00105862914791223,2021,32
"1775",-0.0146647606516251,2022,32
"1776",-0.0264789119099525,2023,32
"1777",-0.0298834635175464,2024,32
"1778",-0.0334626996431445,2025,32
"1779",-0.0354911685280643,2026,32
"1780",-0.0348674645391164,2027,32
"1781",-0.0351817991282063,2028,32
"1782",-0.0276743780793073,2029,32
"1783",-0.0263390750375032,2030,32
"1784",-0.0261493394475215,2031,32
"1785",-0.0224540085807396,2032,32
"1786",-0.0163962263791913,2033,32
"1787",-0.0102963283645644,2034,32
"1788",0.00102293789843202,2035,32
"1789",0.0209381688036006,2036,32
"1790",0.0416171686450596,2037,32
"1791",0.0572504735715783,2038,32
"1792",0.0723480235029765,2039,32
